text,author,title
BSAは元々そこで結成された組合である。,wikipedia,wikipedia
李沢民の地図は満洲南部に流れる遼河の少し先までしか描かれていなかったので、朝鮮半島全部と日本も加えた地図にした。,wikipedia,wikipedia
大半が住所表記上、大字に「水島」の名を冠している。,wikipedia,wikipedia
このシーズンは9試合に出場した。,wikipedia,wikipedia
これにより残り3局による「首都圏トライアングル」へと変わった。,wikipedia,wikipedia
湊川（みなとがわ）は日本相撲協会の年寄名跡のひとつで、初代・湊川が四股名として名乗っていたもので、その由来は定かではない。,wikipedia,wikipedia
アイヌ民族出身の参議院議員萱野茂をかこむ学者の会の中心となり、萱野茂・アイヌ文化講座の世話役を務めた。,wikipedia,wikipedia
あるスポークスマンはサイクロンで家を失った住民は再建のため250ルピー (55米ドル(1971年当時、2007年換算で279米ドル)）までの資金を受け取っているとしたが、物資が払底しているため生存者は「現金をそのまま齧る」羽目になるのではないかと恐れた。,wikipedia,wikipedia
普段は風の弱い甲府盆地周辺において、強い風が吹くのは台風と冬型気圧配置によるものが多い。,wikipedia,wikipedia
偶然、その噂を耳にしたレナは憤激した。,wikipedia,wikipedia
表現の可能性はハードウェアの制約から解放され、黄金期・発展期に見られた「ハードの制約と、それに対するアーティストの挑戦」から、ゲームの魅力を最大に引き出す名脇役としていかにプレイヤーの耳を楽しませるかという内容そのものの魅力で勝負する時代となってきている。,wikipedia,wikipedia
プロ野球の試合数については2000年以後140試合以上と増えたこと、また選抜大会も1997年に雨天中止が頻発したことなどから、プロ野球の日程に支障をきたすこともあるため、現在は何れも開幕時期を大幅に繰り上げている（選抜が概ね春分の日（3月20日か3月21日）前後、プロ野球は3月最終金曜日に制定されていることが多い。,wikipedia,wikipedia
原子物理学者のスタニスワフ・ウラムが「経済学の定理などはすべて自明のものだ」とサミュエルソンをからかったことがあった。,wikipedia,wikipedia
1979年には集英社から画集『吉川霊華画集』を出版し、市田はその執筆・編集にあたった。,wikipedia,wikipedia
全14話。,wikipedia,wikipedia
同年は2度目の社会人ベストナインに選出された。,wikipedia,wikipedia
なお、一覧の順序は全国地方公共団体コード順による。,wikipedia,wikipedia
」と語った大衆的政治家であったロイド・ジョージは、全面戦争という状況には国民世論の支持が不可欠と考えていたためである。,wikipedia,wikipedia
ハアブには閏年はなく、季節と月日は年々ずれていく。,wikipedia,wikipedia
通常は揶揄や皮肉の意味を込めて使われる。,wikipedia,wikipedia
1966年（昭和41年）3月、日本大学理工学部土木工学科卒業。,wikipedia,wikipedia
彼の菩提寺として中世を通して巡礼地となっていたセント・デイヴィッド大聖堂は、かつて彼がペンブロークシャーに建てた修道院の跡地に建てられた。,wikipedia,wikipedia
つまりエリザベスは、（アメリカ独立革命以後）聖公会の環境で育てられたのである。,wikipedia,wikipedia
『ライヴ・アンド・デンジャラス』（Live and Dangerous）は、アイルランド出身のハードロック・バンド、シン・リジィが1978年に発表したライヴ・アルバム。,wikipedia,wikipedia
海老名市立杉久保小学校（えびなしりつ すぎくぼしょうがっこう）は、神奈川県海老名市杉久保北にある市立小学校。,wikipedia,wikipedia
色彩設計者から色のデータをもらい、各話のシーンそれぞれの色を指定していくのがこの色指定という役職。,wikipedia,wikipedia
首都を中心とした王道に沿って102の病院（アーロギャーシャーラ）を建設し、主要な道路には16kmごとに宿駅が設置された。,wikipedia,wikipedia
ファシズムの立場からの階級協調の一時的な否定には、以下のものがある。,wikipedia,wikipedia
本級はイギリス海軍が1936年に締結した第二次ロンドン海軍軍縮条約に基いて竣工させた軽巡洋艦である。,wikipedia,wikipedia
ティリオンは、断崖に向かって開き床が傾く〈天空房〉に入れられる。,wikipedia,wikipedia
これに対しオーガスタ、ブルックリンや爆撃機が攻撃をおこなった。,wikipedia,wikipedia
享年92（満91歳）。,wikipedia,wikipedia
石野からは「男YOU」「ポストなぎら健壱」「ネオなぎら」とも評される。,wikipedia,wikipedia
しかし、南部は強い軍隊の伝統があり、戦争に対する備えがあった。,wikipedia,wikipedia
1回戦は12月13日、2回戦は12月15日に実施予定であった。,wikipedia,wikipedia
この上田合戦を契機に真田氏は、武田の旧臣から信濃の独立勢力（大名）として豊臣系大名の間で認知されることになった。,wikipedia,wikipedia
歴史や社会の発展段階論に結びつくと、野蛮は未開とも呼ばれる。,wikipedia,wikipedia
ロシア革命後にチェコやアメリカに亡命したユーラシア主義者のジョージ・ヴェルナツキーによれば、分裂が進んだルーシはモンゴルから専制や支配制度を学び、後のロシア・ツァーリ国はモンゴル帝国の後継国家としてユーラシアを支配する国になったとされる。,wikipedia,wikipedia
左利きの音楽家や演奏家は歴史的に遍在している。,wikipedia,wikipedia
識別可能な二つのものだけが同定可能であり、そこにはまずはじめに差異がなければならない。,wikipedia,wikipedia
ハロー (halo) またはハロとも表記される。,wikipedia,wikipedia
このドッジラインによって輸出と輸入の為替レートは一致して財政収支が均衡したほか、問題になっていたヤミ価格と公定価格の差もなくなった1947年8月から民間の輸出が再開されていたが、1949年12月の外国為替及び外国貿易管理法では国外での経済取引は原則禁止で、許認可を受けた例外のみ認められた。,wikipedia,wikipedia
日本で普及していないスポーツを応援する企画。,wikipedia,wikipedia
宇宙各地の荒くれ者が、ガイナモを中心に集まって結成された宇宙暴走族。,wikipedia,wikipedia
ディーゼルエンジンはフォード・AJDエンジンが搭載され、4.4L V型8気筒ターボディーゼルと3.0L V型6気筒ターボディーゼルが選択できる。,wikipedia,wikipedia
1970年代にはアールデコ調に飾られたパリのRue de l'Université のアパートメント。,wikipedia,wikipedia
これと同時に、『これらオプションのFM音源や連射機能を内蔵したマークIII マイナーチェンジ版』の発売がセガ社内にて計画された。,wikipedia,wikipedia
通称『鹿屋高校』、または『普通校』（鹿屋市内では普通科単独の高校が同校のみであるため）。,wikipedia,wikipedia
SQS-505の装備形態には、艦底装備型と可変深度型がある。,wikipedia,wikipedia
幼い頃は最初は旧学を学んでいたが、13歳で嵩山少林寺に赴き、拳術・棒術を習得する。,wikipedia,wikipedia
"2003年の夏半期にニーデルンベルクには7,115人の宿泊客があったが、その多くはビジネス客によるものであった。",wikipedia,wikipedia
対外的には、高句麗の長寿王が北朝だけではなく南朝にも朝貢して爵号を得たことを聞き、百済からも南斉に朝貢して冊封体制下に入ったが、高句麗の得た爵号に対しては評価の低いものに留まった。,wikipedia,wikipedia
現在、国防政策委員会の代表。,wikipedia,wikipedia
旧美術館の開館と同年に設立された公益財団法人平野政吉美術財団（旧・財団法人平野政吉美術館）によって運営されており、現在の美術館は2013年（平成25年）9月28日に、旧美術館から移転、再オープンしたものである。,wikipedia,wikipedia
酵素がディールス・アルダー反応とヘテロ・ディールス・アルダー反応を制御せず、酵素LepIがディールス・アルダー反応の生成物を基質としレトロクライゼン転位を触媒する経路が生じることで、ヘテロ・ディールス・アルダー反応にて与える生成物と同一の生成物を与えることを明らかにした。,wikipedia,wikipedia
プールヘムは鉱石を鉱山から引き上げて輸送する当時の危険で非効率な作業工程を改善した。,wikipedia,wikipedia
清澄で正確に半音階ずつ高くなるアルペジオ、力強く魅力溢れる節回し、ときに優雅にときに艶かしく響くマリアの声は、あらゆる芸術がもたらすことができる幸福感に満ちている」と絶賛している。,wikipedia,wikipedia
エッカはオーストラリアクイーンズランド州の祭りで、州都ブリスベンで毎年8月に10日間にわたり催される。,wikipedia,wikipedia
タイヤのインチアップや大径クロームホイールの取り付け、車両本体に派手なカラーリングを施すなどの外装の改造から、シートやオーディオ、生地の張替えなどの内装の改造、場合によっては見た目だけでなくエンジンスワップやターボ、NOSなどの装着といったチューニングカーの部類に入るカスタムまで、幅広く行われる。,wikipedia,wikipedia
不定人称文（）では動詞は三人称複数となる。,wikipedia,wikipedia
吸収効率が高くないため、進行時の脚気など、胃腸が弱っているときには吸収しきれないこともあり、この時は高吸収率のビタミンB1誘導体を摂取する必要がある（一般にも市販されていて、アリナミンAなどが有名）。,wikipedia,wikipedia
アメリカでは、2011年7月26日に北米盤DVD・Blu-rayボックスが発売され、同時にオンデマンド放送と有料ダウンロードも開始（北米の公式サイト）。,wikipedia,wikipedia
同年4月3日車両番号変更届で、キハ1形キハ1、キハ2はキハ3形キハ3（2代）、キハ4に改番されたが、川越機関区に放置されたまま、1954年（昭和29年）に廃車となった。,wikipedia,wikipedia
"単位的結合 ""R""-代数の全てと、それらの間の全ての単位的結合代数準同型を合わせたものは圏を成し、""R""-Alg などで表される。",wikipedia,wikipedia
『プラネットハウル』（PLANET HOWL）は、SmokingWOLFと標準誤差StRが共同制作したSFマウスアクションゲーム。,wikipedia,wikipedia
ここから登山がスタートする。,wikipedia,wikipedia
連合艦隊の草鹿龍之介参謀長はそれをなだめたが神大佐は「大和を特攻的に使用した度」と軍港に係留されるはずの大和を第二艦隊に編入させた。,wikipedia,wikipedia
同じ年にデビューを果たしたパンクバンドダムドのボーカルは元墓堀人のデイヴ・ヴァニアンであり、彼は吸血鬼のような衣装を着てステージに立っていた。,wikipedia,wikipedia
ここで、エンジン中心部を通過するコア排気と、外側を通過するバイパス排気の割合をバイパス比という。,wikipedia,wikipedia
マドリガルは12の島々に分かれているとされ、現在は以下の5つの島が実装されている。,wikipedia,wikipedia
「あなたの100の嫌いなところ」（あなたのひゃくのきらいなところ）は、2014年2月26日にソニー・ミュージックレコーズから発売された剛力彩芽の2枚目のシングル。,wikipedia,wikipedia
初期は主に『りぼん』や『りぼん』増刊号などで読み切りを掲載後、秋田書店の少女雑誌である『ボニータ』や『ひとみ』を中心に連載していた。,wikipedia,wikipedia
ポスト城島健司候補の一人で、2004年のシーズンオフには城島と自主トレを行って同年フレッシュオールスターゲーム出場。,wikipedia,wikipedia
以下は一例。,wikipedia,wikipedia
近くを旅していたヘーラクレースはエジプト人に捕まり、生け贄の祭壇に連れて来られた。,wikipedia,wikipedia
デジタル経済社会省大臣が省の長となる。,wikipedia,wikipedia
賀茂なす（かもなす）は、ナスの一品種。,wikipedia,wikipedia
いわゆる五戒に、八斎戒等から別の五項目を加え、「不邪淫戒」を「不淫戒」にした、日常に守るべき戒律である。,wikipedia,wikipedia
責任感の強い彼は、チームを強化すべく、厳しい練習を部員達に強要するようになる。,wikipedia,wikipedia
金策には森賢吾が極秘で奔走した。,wikipedia,wikipedia
一般的な場合、特に、ある元にそれ自身を掛ける際にはすべてのビットが等しくなるという事実と関係して、いくつかのマイナーな最適化が存在する。,wikipedia,wikipedia
デジタルコンテンツの長期的保存は、新方式の記録媒体が登場する度にデータのコピーを繰り返すマイグレーション（移住）が最適とされてきた。,wikipedia,wikipedia
また、出演芸人は松竹芸能が斡旋をしており、開演記念番組には松竹の看板であったかしまし娘と中田ダイマル・ラケットが出演していた。,wikipedia,wikipedia
だが、静香はのび太の会話や趣味が幼稚でつまらなく思っている節があり、たまに押しかけることを断ることもある。,wikipedia,wikipedia
ドイツのアルゴイ地方ベルダッハに生まれる。,wikipedia,wikipedia
船体は喫水線に位置する上棚が2重・3重の板で構成され、更に帰徳丸の絵図によると船体は3つの隔壁で区画されていた。,wikipedia,wikipedia
ようやく『日本金融資本論』を脱稿して時間ができたため、作者が学生時代に読んだという、平康頼『宝物集』に出てくる「灯台鬼」の説話を題材にして本作を書き上げた。,wikipedia,wikipedia
2012年のQS大学ランキングではスペイン第1位、世界第176位とされた。,wikipedia,wikipedia
2014-15シーズン、UEFAチャンピオンズリーグでのモナコをベスト8に導く活躍で一躍注目を浴びた。,wikipedia,wikipedia
その代わり前作よりは当てにくい、もしくは弱点がないボスがいる。,wikipedia,wikipedia
一般名詞としての「参宮鉄道」は神社（または寺院）の参拝客輸送を目的として敷設された鉄道を指す。,wikipedia,wikipedia
コンクフードは、「海底ハイキング」（てんとう虫コミックス第4巻に収録）、『ドラえもん のび太の恐竜』に登場する。,wikipedia,wikipedia
彼が強く支援したルノーと日産自動車による救済を、GMが拒絶したことによるものとみられている。,wikipedia,wikipedia
実業団横綱のタイトルを持っているため幕下15枚目格付出が承認された。,wikipedia,wikipedia
さらに飲酒による酩酊や粗暴な行為も彼に属するとされ、ゾロアスター教においては神酒ハオマを除くアルコール飲料は推奨されない。,wikipedia,wikipedia
「告発、答弁、証言、判決」のうち、「判決」（抜粋）は以下のとおり。,wikipedia,wikipedia
国民党の資料によれば、将緯国将軍は約14個師、また作戦経過概要等では12月初に約15師強とする。,wikipedia,wikipedia
また、深く傾倒した仏教の影響も窺える。,wikipedia,wikipedia
お客さまが番号札を引くと、次の番号札が自動的にでてくる。,wikipedia,wikipedia
1937年、東京帝国大学言語学科卒業、八杉貞利にロシヤ語を学ぶ。,wikipedia,wikipedia
2006年にフィンランド学校は再開されたが、2年後関係者の帰国により休校となった。,wikipedia,wikipedia
すなわち2つの小楽節は同じにはならない。,wikipedia,wikipedia
それに弟のレムスが怒り兄をあざけったので、兄弟の間で戦いが起こり、弟が兄に殺されてしまった。,wikipedia,wikipedia
郵便番号は891-0621。,wikipedia,wikipedia
さらに、かねてから浮気をしていた妻のジョーイから一方的に離婚されてしまう。,wikipedia,wikipedia
海軍大学校甲種を三度受験するも、二次の口答試験を通らず不合格となり、一時は海軍を辞めようとまで考えたこともあった。,wikipedia,wikipedia
若い時は地元の史挙先生に学問を学び、張儀や樗里子の推薦で恵文王に仕えるようになった。,wikipedia,wikipedia
戦後、妻のマリー・アンナはジャクソンに関する本を出版し、彼の人柄が世に知られることになった。,wikipedia,wikipedia
直ちにエルゼナウへ戻れとホホバウム将軍から急かされ、もはや一刻の猶予もない緊迫した状況の中、将軍の見送りを受けながらツィンマーマンとパツァークは城の庭に停めている車まで戻ろうとした。,wikipedia,wikipedia
実はにな川は徹夜でオリチャンのライブのチケットを取ったため、風邪を引いたのだった。,wikipedia,wikipedia
1970年（昭和45年）12月には、鐘淵紡績練馬工場が廃止された。,wikipedia,wikipedia
1955年（昭和30年）に、合併により名取町が生まれ、2年後それが名取市になると、名取町立、名取市立へと移った。,wikipedia,wikipedia
醍醐村（だいごむら）は、かつて山形県西村山郡にあった村。,wikipedia,wikipedia
なお、1998年に神戸弘陵高等学校3年藤原務を強化指定選手第1号（現在の特別指定選手）として受け入れたが、出場機会は無かった。,wikipedia,wikipedia
有名な作品としては『ラビリンス/魔王の迷宮』（1986年）があり、ミュエクは声優としてもルドの声をあてている。,wikipedia,wikipedia
これにより党員が死亡・離党した際には古い党員番号は欠番となり、党員番号は1945年には850万代まで肥大していった。,wikipedia,wikipedia
GPSGは Gerald Gazdar が1970年代後半に開発した。,wikipedia,wikipedia
現在の美濃加茂市加茂野町市橋に該当する。,wikipedia,wikipedia
民間薬として陰干ししたのちに煎じたり、煮詰めたり、黒焼きするなどしたものは肝臓病・解熱・血便・血尿・下痢・高血圧・止血・生理不順・腹痛・吐血・便秘・利尿・目の充血や痛みに効き、各種薬効に優れた薬草として用いられる。,wikipedia,wikipedia
囚人のジレンマには相手の行動に関わらず常に最適となる行動が存在するが、チキンゲームにおける最適行動は相手の行動に依存する。,wikipedia,wikipedia
大分在住時には大分県子育て支援課のプロジェクト・父親のための育児支援ブック編集委員、おおいた子ども・子育て応援県民会議委員に参加。,wikipedia,wikipedia
2015年12月には国王の愛犬トーンデーンをFacebookで中傷したとして、27歳の男性が逮捕され、また「プラチャタイ」の電子掲示板に書き込まれた王室批判に対処しなかった廉で、ウェブサイト担当管理者が執行猶予つきの有罪判決を受けた。,wikipedia,wikipedia
裁判所はウッドが1988年2月3日まではイギリスとオーストラリアの2重国籍となっていることは憲法違反にあたり、立候補自体が無効であると決定した。,wikipedia,wikipedia
よって、1番線からの下り列車、3番線からの上り列車は全て当駅始発列車である。,wikipedia,wikipedia
これは、ミサイルが機体近くで爆発し、破片が機体を貫通しこれによって急激な減圧が発生したとみられるということで、これによって「地対空ミサイルによる撃墜という見方」が裏付けられた形となった。,wikipedia,wikipedia
文化観光部2000年式ではt、マッキューン＝ライシャワー式ではt'と表記される。,wikipedia,wikipedia
A. K. Roychoudhuryとともにヨーロッパ人、アジア人、アフリカ人の間の遺伝的変異はヒトの集団全体の遺伝的変異のたった11%にすぎないことを示した。,wikipedia,wikipedia
元来神戸市中央区は、摂津国に属し、夙川から旧生田川までの地域が菟原郡（うはらぐん）、旧生田川から須磨までの地域が八部郡（やたべぐん）と呼ばれていた（なお、東灘区にあるJR住吉駅の南にあるうはらホールという区民ホールの名の由来は、これである）。,wikipedia,wikipedia
現在は「区立上り屋敷公園」や「上り屋敷町会」などにその名をとどめている。,wikipedia,wikipedia
ウィリアムが王立協会の会員に選ばれたため、ふたりは当時随一の科学サークルに迎え入れられることとなった。,wikipedia,wikipedia
アニメを含めたメディアミックス展開はされなかったが、主人公の平田静子はプレイステーション用ゲーム『松本零士999 〜Story of Galaxy Express 999〜』やWEBドラマ『ユマの物語』などにゲスト出演している。,wikipedia,wikipedia
超音波に限らず、空気中を伝播する振動は、空気分子集団の濃淡が伝播することに起因する。,wikipedia,wikipedia
この論文の中でペアノは次の 5 項目を自然数の満たすべき原始命題として与え、さらにこれら 5 つの命題が互いに独立であることを証明した。,wikipedia,wikipedia
11月4日、京都奉行・御普請奉行・外輪物頭附属となる。,wikipedia,wikipedia
2008年10月22日、UEFAチャンピオンズリーググループリーグのリヴァプールFC戦(1-1)に先発出場してトップチームデビューしたが、2008-09シーズンの大半はセグンダ・ディビシオンB（3部）のアトレティコ・マドリードBでプレーした。,wikipedia,wikipedia
英会話 トーク&トーク（えいかいわトークアンドトーク）は、2001年4月5日から2003年3月27日までNHK教育で放送されたテレビ番組である。,wikipedia,wikipedia
秀吉の晩年に御伽衆の一人に加えられていたが、秀吉死後は子・堯政と共に豊臣秀頼の傍近くに仕えたという。,wikipedia,wikipedia
1831年にウーシマー・ハメ州が分割され、サタクンタの最東部の一部がハメ州の所属となる。,wikipedia,wikipedia
また、キャンペーンゲームについてはスタート時の設定により所属陣営変更が可能になり、同一のシナリオの中で様々な状況を楽しめる様になった（通常は史実どおり「米英連合軍」対「日独枢軸軍」という構図だが、「日英」対「米独」、「日」対「米英独」も可能）。,wikipedia,wikipedia
ジルガは基本的に男性のみで構成されているが、一部に女性のみのジルガも結成されており、女性の権利向上を訴えている。,wikipedia,wikipedia
美術史の授業などでは、スライドショーを使って学生に美術作品の映像を見せて解説するという形式は古くから存在したが、美術家たちもスライドショーを使って静止映像を投射し、空間を変容させる試みをするようになった。,wikipedia,wikipedia
新機能のほとんどを標準パッケージに追加し、商品ラインナップがシンプルであるため、商品の選択・把握が容易である。,wikipedia,wikipedia
しかし判読のしやすさから、電卓や時計などの表示には現在でも7セグメントディスプレイ・もしくは7セグメントディスプレイを模した書体がよく使われる。,wikipedia,wikipedia
かつては上りホームに駅員が配置していたが、現在は駅集中管理システムが導入されたため、無人駅である（管理元は名鉄一宮駅）。,wikipedia,wikipedia
ディアハンター(Deerhunter)、アウト・ハッド(Out Hud)を輩出したことで知られる。,wikipedia,wikipedia
ロッシュ・ローブが一杯になると質量転移を開始し、結果として軌道はさらに縮んでロッシュ・ローブはさらに溢れ、質量転移を加速させる。,wikipedia,wikipedia
公務員の守秘義務および民間企業の就業規則（個人情報の保護など）だけでは、民間人やスパイによる機密漏洩に対応できず、保守系を中心に必要論は根強かったが、戦前幅を利かせた言論統制に対する反発や、知る権利との絡み、また黒幕は外交官であることが多く不可罰なことから、反対論も強かった。,wikipedia,wikipedia
（本名Didi Prasetyo）は、Manthous以後のcampursariの重要人物である。,wikipedia,wikipedia
通称「おれつば」。,wikipedia,wikipedia
また宮台とは共著も多い。,wikipedia,wikipedia
帰国後は、武昌大学、北平大学、師範大学、清華大学の教授を歴任し、北京政府時代には参議院議員もつとめた。,wikipedia,wikipedia
エヴァーツ級護衛駆逐艦（エヴァーツきゅうごえいくちくかん、）は、第二次世界大戦の勃発によりアメリカで建造され、アメリカ海軍およびイギリス海軍により運用された護衛駆逐艦の艦級。,wikipedia,wikipedia
"シングルB面の ""Trouble in Mind"" はアルバム未収録。",wikipedia,wikipedia
蜜蝋製の六芒星を刻んだ円盤であり、彼はこれを左の手袋の甲に取り付けている（本編中で他の魔法使いがパンタクルを使う際は、首から下げている描写が多い）。,wikipedia,wikipedia
しかし、それもストリート・カルチャーやテクノ、ヒップホップなど、カルチュラル・スタディーズにおけるサブカルチャー研究で既に経験済みであった要素までである。,wikipedia,wikipedia
カナダでは、2003年に制定された法規の一環として、標準化された栄養成分表示が導入され、2005年12月12日に包装食品のほとんどについて表示が義務化された（小規模事業については、2007年12月12日まで猶予された）。,wikipedia,wikipedia
小野神社（おのじんじゃ）は、滋賀県大津市小野にある神社である。,wikipedia,wikipedia
1200m～1900mではグイマツを主とした山岳タイガ。,wikipedia,wikipedia
「大八島国と神神の生成」「出雲の神の遍歴譚」「天孫の降臨と婚姻」「高千穂より大和へ」の4つの章より構成される。,wikipedia,wikipedia
元は南部民謡「鋳銭坂」による銭吹き唄であるとされる。,wikipedia,wikipedia
高度が人に与える影響(こうどがひとにあたえるえいきょう)はかなり大きい。,wikipedia,wikipedia
居城は興国寺城。,wikipedia,wikipedia
563年（天嘉4年）、鎮右将軍の号を受けた。,wikipedia,wikipedia
それに乗って、今度は女子スーパーウェルター級世界チャンピオンが挑む。,wikipedia,wikipedia
28日、門司へ向け高雄発。,wikipedia,wikipedia
本名はケカウオハ・ビジオ・カレオ（けかうおは・びじお・かれお）。,wikipedia,wikipedia
ゲーム発売後、関連商品としてジッポーライター、シルバーネックレス、Tシャツ、キーホルダー、マネークリップ、カードケース等が販売された。,wikipedia,wikipedia
弟のクリストフとともに哲学者ピエール・ベールに教育を受け、長期のグランドツアーにも赴いた。,wikipedia,wikipedia
"ジョジアーヌ・バラスコ（Josiane Balasko, 1950年4月15日 - ）は、フランス・パリ出身の女優、作家、監督である。",wikipedia,wikipedia
和歌山大学教授、72年定年退官、名誉教授、日本大学教授。,wikipedia,wikipedia
大和町立大和中学校（やまとちょうりつやまとちゅうがっこう／たいわちょうりつたいわちゅうがっこう／だいわちょうりつだいわちゅうがっこう）は、日本の公立中学校。,wikipedia,wikipedia
映画三作に深くかかわっているデヴィッド・S・ゴイヤーが脚本・製作総指揮を手がけた。,wikipedia,wikipedia
バンド名の由来は、第二次世界大戦戦中における未確認飛行物体を指すスラング用語「フー・ファイター」から。,wikipedia,wikipedia
平安時代初期からは皇室の御料地となるが、1347年（貞和3年）にはそれまで南朝に呼応して島を支配していた飽浦信胤が細川師氏の攻めによって倒され、以後島は細川氏領となり皇室領は解体された。,wikipedia,wikipedia
激高したレットはスカーレットを強引に2階へ連れて行こうとするが、スカーレットは足を踏み外して転落し大怪我を負う。,wikipedia,wikipedia
"""X=1"" は気体中の分子がすべて電離して中性分子がなくなった状態を示し、完全電離と呼ばれる。",wikipedia,wikipedia
先に挙げた仕事中毒とも言えるような働きぶりによる過労死とする説を支持する者も日本には多い。,wikipedia,wikipedia
国家の法的基盤はシャリーアによって構成されていたが、慣習的な規則などもまた無視されなかった。,wikipedia,wikipedia
六月から七月にかけて実をつけるオウトウ（サクラの一種）の果実を日本では一般的にサクランボと呼び、栽培されている多くがヨーロッパの甘果桜桃（セイヨウミザクラ）系である。,wikipedia,wikipedia
酒寄が突っ込んだ後に田辺から「馬鹿」と言われ、フォローするのが主な流れ。,wikipedia,wikipedia
著者はヴィントン・サーフとロバート・カーンで、ノード間でパケット通信を使い資源を共有するインターネットワーキングのプロトコルを記述したものである。,wikipedia,wikipedia
本人は高偏差値である関西学院大学に通っていたが、関西学院より高偏差値の同志社大学にも合格していた。,wikipedia,wikipedia
対艦攻撃用に55cm魚雷発射管を三連装で2基を搭載した。,wikipedia,wikipedia
毎年8月には万灯夏まつり（万灯みたま祭り）がおこなわれている。,wikipedia,wikipedia
」などといったように（従来書かれた通俗的解説書などには大変多いが）理解していると、Javaなど近年の多くの言語処理系のスタイルが全くわからない、ということになる。,wikipedia,wikipedia
また、初披露曲は5曲である。,wikipedia,wikipedia
慶應義塾大学文学部卒業。,wikipedia,wikipedia
たとえば著名な書評家ジョン・チェンバレン (John Chamberlain) は、この小説を賞賛した。,wikipedia,wikipedia
教員における教授（きょうじゅ、）は、大学院、大学、短期大学、高等専門学校など高等教育を行う教育施設や、JAXA、大学入試センターなど研究機関の、指導者の職階や職階者である。,wikipedia,wikipedia
例外もあり、ルノーと共同開発したM9R型エンジンや、OEM供給を受けている車種へ搭載している他社製エンジンなどはこの規則が適用されない。,wikipedia,wikipedia
桑原 楽之（くわはら やすゆき、1942年12月22日 - 2017年3月1日）は、広島県広島市白島（現中区）出身のサッカー選手。,wikipedia,wikipedia
幸安国小の起源は1933年4月に開校した「幸小学校」に遡ることができる。,wikipedia,wikipedia
元ダイヤモンド信用保証社長。,wikipedia,wikipedia
1994年（平成6年）の公職選挙法改正で設置。,wikipedia,wikipedia
昭和の初めに、安全のためなどの理由で、付近の住民が地表に出てくる穴の入り口を土で埋めて閉塞した。,wikipedia,wikipedia
またワールド得点が800点を超えるとスペシャルステージが登場する。,wikipedia,wikipedia
レイフの他にも、俳優である末弟のジョセフ・ファインズ、映画監督である妹のマーサ・ファインズ、遠い親戚には元SAS隊員で著名な探検家であるラナルフ・ファインズ（映画『キラー・エリート』の原作者）など、ファインズ家には映画や演劇に関わる多才な人物が名前を連ねている。,wikipedia,wikipedia
この誤りは20世紀になってヘレン・ソーヤー・ホッグによって訂正された。,wikipedia,wikipedia
土器は、弥生土器と呼ばれ、低温酸化炎焼成の素焼き土器が用いられた。,wikipedia,wikipedia
また、2本あった煙突は1本にまとめられ、後部の篭マストは低い三脚マストに交換された。,wikipedia,wikipedia
共同受信で地上波とBSが混合伝送の場合はBS・UV分波器が別途必要。,wikipedia,wikipedia
ラングゲンスは、ライン＝マイン交通連盟 (RMV) に属している。,wikipedia,wikipedia
ワイスによれば、バビロン捕囚の後紀元前6世紀に、異民族との婚姻を理由に預言者エズラにより追放され、インドの北西部（石碑では「天竺」と記述されている）に移住した支族レヴィ族と司祭の一族が、開封のユダヤ人の起源であるという。,wikipedia,wikipedia
またボイオーティアではアドラストスが始めたとされるネメシス・アドラステイア（Adrasteia 遁れることの出来ない者）、すなわち必然のネメシスの崇拝があった。,wikipedia,wikipedia
ポドルスキは2001年にU-17ドイツ代表に選出されたことを皮切りに各年代の代表に招集され、2004年にはバスティアン・シュヴァインシュタイガーらと共にU-21ドイツ代表としてUEFA U-21欧州選手権2004に出場したがグループリーグで敗退した。,wikipedia,wikipedia
前述のように、日本では元来風呂という場合はこれを指していた。,wikipedia,wikipedia
また2014年、ユダヤ人が強制収容所で着用した服を思わせる胸に黄色の星形が付いたシャツを販売。,wikipedia,wikipedia
トラビス・アラン・パストラーナ（Travis Alan Pastrana、1983年10月8日 - ）は、アメリカ合衆国のモータースポーツ選手。,wikipedia,wikipedia
"投票は4月30日に行われ、太田が得票数42,445票で初当選を果たした（竹内は39,067票）。",wikipedia,wikipedia
時候熟れとは、収穫して本漬したすぐきを家の軒下に置き、自然の気温で発酵させる技法である。,wikipedia,wikipedia
また、乱馬（男状態）とらんま（女状態）が同一人物であることに気づいていないため、らんま（女状態）のことも乱馬を巡る恋敵と認識して敵対心を燃やしている。,wikipedia,wikipedia
エルドラドーから持ち帰った残り少ない黄金でカンディードは地所を購入する。,wikipedia,wikipedia
1386年、ルノーの娘マリーはジャック・ド・モンブロンと結婚している。,wikipedia,wikipedia
1894年にこの運河ははじめて商業的に利用された。,wikipedia,wikipedia
一方、東チャガタイ・ハン国の人間はペルシア語で「モンゴル」を意味する「モグール」を自称して遊牧民の純粋な伝統を守る者としての誇りを持ち、定住社会に馴染んでいく西チャガタイ・ハン国の人間を「カラウナス（混血児）」と呼んだ。,wikipedia,wikipedia
"メジャーリーグサッカー（Major League Soccer, MLS）は、アメリカ合衆国およびカナダのプロサッカーリーグである。",wikipedia,wikipedia
ラマヌジャンの和公式はq二項定理から導かれる。,wikipedia,wikipedia
この他に日本による朝鮮統治を現地に滞在して分析、1926年にその成果を『The New Korea』として、ニューヨークから出版している。,wikipedia,wikipedia
記事はウィキペディア参加の精神に関し、「承認されるために必要なインターネット空間への依存」として強調表示している 。,wikipedia,wikipedia
また、本作の初心者向けにこれまでの連載の中からキャラクター別のベストエピソードを集めた「よりぬきキャラクターズファイル」も11巻と同時に発売されている。,wikipedia,wikipedia
それはヘヴィメタルが、ハードロックが限界点を迎えた後、パンク・ロックムーブメントの中で新たな音楽性を求め発展した末に生まれたジャンルであることによる。,wikipedia,wikipedia
母親の氏族名ではなく家族名から派生した第三名を持つ者もいた。,wikipedia,wikipedia
実兼は母親とその実家を通して琵琶を手ほどきを受けたと考えられる。,wikipedia,wikipedia
2008年、夏祭りにて登場（第2回）。,wikipedia,wikipedia
最初期の楽譜は、主にドイツのレーゲンスブルク、スイスのザンクト・ガレン修道院、フランスのランおよびリモージュのサン・マルシャル修道院に残されている。,wikipedia,wikipedia
当公園には、約1000本の桜があり、シーズンには、多くの花見客でにぎわう。,wikipedia,wikipedia
立ち位置は左。,wikipedia,wikipedia
6つのテーマランドのうちフロンティアランドに存在する。,wikipedia,wikipedia
ライマンはカナダで生まれ、『しゃべりを覚える前から』書いていたと言い、最初に出版された作品はライマンがわずか6歳の時に母の新聞のコラム欄においてであった。,wikipedia,wikipedia
黄金期の主軸を担ったオレステス・デストラーデを復帰させ、現役メジャーリーガーのダリン・ジャクソンを獲得するも、オリックスに5勝21敗と大きく負け越し、1年目は3位に終わった（オリックス戦以外の成績は62勝36敗6分だった）。,wikipedia,wikipedia
同年7月、第22回参議院議員通常選挙で4選。,wikipedia,wikipedia
コルドメのブルトン人家系は、ミニョンのスカンジナビア系と見られる領主と密接に結びついていた。,wikipedia,wikipedia
2005年にロサンゼルスで結成。,wikipedia,wikipedia
北海道大学助手などを経て、国立民族学博物館第一研究部助手、同民族社会研究部人類環境部門助教授を歴任。,wikipedia,wikipedia
大正6年卒業。,wikipedia,wikipedia
わずか東に春日野中学校がある。,wikipedia,wikipedia
乗車時に後扉（入口）付近の発行機で整理券を取り、降車時に整理券番号に応じた運賃を払う。,wikipedia,wikipedia
合板あるいは単板積層材(LVL)用の単板を製造するための機械として、円柱形の木材を料理の桂剥きの要領で剥いてゆく「ベニヤレース」があるが、これとほぼ同様の機構の「ハーフラウンドベニヤレース」で突板を切削することもある。,wikipedia,wikipedia
其家のモヨリは先づ大きな黒門があつた。,wikipedia,wikipedia
以下は膳書堂文化編 (2009) にある変種である。,wikipedia,wikipedia
その後は著書『大乗起信論』で、仏教、イスラム教、ユダヤ教、キリスト教などありとあらゆる宗教が井筒の思考内で合流し、どの宗教も単独では歴史上実現できなかった宗教の夢のようなものを現出させて見せた。,wikipedia,wikipedia
一行はようやく義朝の妾のいる美濃国青墓宿にたどり着いた。,wikipedia,wikipedia
ロス·トーマス（Ross Thomas、1981年8月21日 - ）は、アメリカ合衆国の俳優。,wikipedia,wikipedia
エルヴァンゲン測候所 (439 m) の観測値は、シュヴェービッシュ＝フレンキッシェ森林地域の典型的な値である。,wikipedia,wikipedia
12歳以下の子どもはジェダイの技術を学ぶパダワンとして、ジェダイ・マスターからライトセーバーの使い方など、フォースを学ぶ。,wikipedia,wikipedia
初勝利は同年12月27日の高松競輪場。,wikipedia,wikipedia
ユネスコでは、無形文化遺産の保護に関する条約の発効に先立ち、隔年で「人類の口承及び無形遺産の傑作の宣言」（傑作宣言）として発表していた。,wikipedia,wikipedia
リリーフのドニー・ムーアが逆転本塁打を浴び、延長の末敗戦。,wikipedia,wikipedia
1両は火災のため1972年に廃車され、残存車もスユ15形などに置き換えられる形で1977年度までに全車が除籍された。,wikipedia,wikipedia
日本の仏教習俗であるお盆では、ガクに包まれたホオズキの果実を死者の霊を導く提灯に見立て、枝付きで精霊棚（盆棚）に飾る。,wikipedia,wikipedia
こうした猫ブームの背景にあるのは、高齢者や一人暮らし世帯が増えたため散歩などの世話のかかる犬よりも猫に人気が移行し始めたためと推測されている。,wikipedia,wikipedia
師団主力は米軍との交戦は無かったが空襲と飢餓で多くの損害を出し終戦を迎えた。,wikipedia,wikipedia
都市名は、オランダ語で「沼の村」を意味するブルークゼーレに由来するといわれ、新石器時代の紀元前2250年ごろから農耕民族が住んでいた。,wikipedia,wikipedia
兄弟に清輔、季経らがある。,wikipedia,wikipedia
この教会は東方正教会の一部で自ら意志決定を行う独立正教会である。,wikipedia,wikipedia
「大瀧詠一作品集 Vol.2」のライナーの自身談によると、シュレルス（The Shirelles）の「フーリッシュ・リトル・ガール」（Foolish Little Girl）を下敷きの一つとして作ったという。,wikipedia,wikipedia
また、『特警飛龍』の署長役、『少林僧兵』の師父（師匠）役など、人を統率する役がらも増えてきている。,wikipedia,wikipedia
プレイヤーがウォーバンドを作るときは、どれか一つの属性からしかミニチュアを選択することはできない (どの属性を選ぶかはプレイヤーの任意で決定できる)。,wikipedia,wikipedia
その後、朝鮮総督府に転じ、慶尚北道内務部長、警務局保安課長、平安北道知事を歴任し、1936年（昭和11年）に内務局長に就任し、中枢院書記官長も兼ねた。,wikipedia,wikipedia
1993年に日本音楽事業者協会（音事協）・日本音楽制作者連盟（音制連）と共同で実演家著作隣接権センター（CPRA）を立ち上げ、著作隣接権の権利処理の一元化を図る活動を行っている。,wikipedia,wikipedia
鹿児島県出水市出身。,wikipedia,wikipedia
2009年6月25日、シャキール・オニールとの引き換えで彼とベン・ウォーレス、ドラフト2巡目指名権がフェニックス・サンズにトレードされた。,wikipedia,wikipedia
『キン肉マンVSテリーマン』ではキン肉マン側につき、キン肉マン対テリーマンの闘いを観戦する。,wikipedia,wikipedia
段落や句読点のきわめて少ない独特のメカニックな文体で、機械のように連動する複雑な人間心理の絡み合いが精緻に描かれ、一つの抽象的な「詩的宇宙」が形成されている。,wikipedia,wikipedia
ヒクソスがメンフィスを奪取した第13王朝のメンネフェルラー・アイの治世中（前1700年頃）かそのすぐ後、第13王朝の支配者達はテーベへと引き、テーベを首都として再興した。,wikipedia,wikipedia
夫妻は3人の子供を儲けた。,wikipedia,wikipedia
ソノマ郡はソノマ州立大学及び Santa Rosa Junior College の本拠地でもある。,wikipedia,wikipedia
電子機器・医療機器用の磁性部品や化学材料、無機ELなどの製品を製造している。,wikipedia,wikipedia
この場合、スペクトルをまずメル尺度を使って変換する。,wikipedia,wikipedia
マラガやアルメリアに通じる主要道も敷かれた。,wikipedia,wikipedia
"2010年国勢調査での人口は8,601人であり、2000年の8,865人から3.0%減少した。",wikipedia,wikipedia
18歳の時に上京して日本棋院に通い、1928年（昭和3年）に入段試験を通って入段。,wikipedia,wikipedia
また実際にガラス工芸を作っている様子も見ることができる。,wikipedia,wikipedia
次いで、水森亜土、芳村真理が続く。,wikipedia,wikipedia
一部事業者向けには非常口窓が開閉式となっているものも設定されていた（窓については53MCも同様）。,wikipedia,wikipedia
クライアントによるリクエストはURLの形で送られ、レスポンスはMIMEタイプがapplication/x-dmap-tagged であるデータの形で返される。,wikipedia,wikipedia
2001年（平成13年）から2007年（平成19年）にかけ、吉川忠夫による原文・読み下し・訓注が岩波書店（全10巻と別巻＜人名索引・地名索引＞）で刊行（岩波版は范曄による著述ではない「志」は除外）。,wikipedia,wikipedia
リサーチ・トライアングル(Research Triangle)（ローリー・ダーラム・チャペルヒル広域都市圏）を形成する各郡の人口は以下の通りである（2010年国勢調査）。,wikipedia,wikipedia
その組織的かつ効率的な建設事業はたいへん高度なもので、ローマ建築の技術レベルの高さを物語る。,wikipedia,wikipedia
他の一部の病院と違い原則的に患者の症状は本人にすべて通知されるとされている。,wikipedia,wikipedia
脳の異なる領域におけるガンマ帯域の同期発火の一時的な状態は、認知処理の分散行列を生むメカニズムであるとして考えられており、知覚のような同期的で協奏的な認知活動を可能にする。,wikipedia,wikipedia
同年限りで退団。,wikipedia,wikipedia
"その後、『国際関係論』(""Journal of International Relations"")と改名され、1922年には『フォーリン・アフェアーズ』に統合された 。",wikipedia,wikipedia
もともとはエディンバラ旧市街の南側で活動していたが、1880年代には現在地であるリース町のイースター・ロード・スタジアムに移転した。,wikipedia,wikipedia
かつてはプッリャ州の控訴院の所在地であり、現在も地域を管轄する地方裁判所が置かれている司法の中心地でもある。,wikipedia,wikipedia
カピトーネ () は現在ナルニの一集落であるが、絶えずその支配下にあったわけではない。,wikipedia,wikipedia
iモードの通信だけが定額になる『パケ・ホーダイ』と違い、ドコモのFOMAパケット通信全てが割引対象になる。,wikipedia,wikipedia
ネパールにおける政権は非常に不安定な傾向があった。,wikipedia,wikipedia
麺座（めんざ）は、京阪グループのびわこフードサービスが運営しているそば・うどん店である。,wikipedia,wikipedia
182種類の植物が登場。,wikipedia,wikipedia
』が掲載された。,wikipedia,wikipedia
ニコはこれに対して特別な注意を払うことを余儀なくされた。,wikipedia,wikipedia
この業界における彼女の人気は、たいへんなもので、ほかの興行師らは4本脚の低級娯楽場（いかさまの演芸）を公演し、そしてコービンじしんがもはや公演していなかったときは観客が顔を振り向けることができる、にせの4本脚の女性がいくにんか居た。,wikipedia,wikipedia
2002年に再プレスされ、東京の大型CDショップの試聴器でロング・ヒットする。,wikipedia,wikipedia
中性子を捕獲しなかったキセノン135は、7つの長寿命核分裂生成物の1つであるセシウム135に崩壊するが、中性子を捕獲したキセノン135は、安定なキセノン136になる。,wikipedia,wikipedia
例外は旧大野町のうち下灘、鳴川両地区と、同じく経小屋の一部、猪ノ打の一部、旧佐伯町の浅原中山の一部で、大竹市と同じ0827（市内局番は52～59）である。,wikipedia,wikipedia
優勝はKTS鹿児島テレビ放送。,wikipedia,wikipedia
しかし近年では、選炭場の観光地化や、猴硐猫村により、利用者が急増している。,wikipedia,wikipedia
デッキ上の駅舎正面には東口側・西口側の2箇所の出入口と、東側連絡通路側には東側通路と「CoCoLo南館」への出入口があり、中央部には地平部とを階段・エレベーターで連絡する「コネクターキューブ」が2基、エスカレータが上下各1基設けられている。,wikipedia,wikipedia
日本では「ベネッセコーポレーション」の幼児向け通信教育教材「こどもちゃれんじ」のイメージキャラクター・しまじろうをモチーフとした「しまじろうカーⅡ」が本車をベースに登場している。,wikipedia,wikipedia
また、そこにはアメリカの風景が人と自然が平和的に共存する牧歌的な世界として描かれている。,wikipedia,wikipedia
さらに、文字も現実世界の部分はあかがね色、ファンタージエンの部分は緑色に刷り分けられている。,wikipedia,wikipedia
軍事を管掌していた。,wikipedia,wikipedia
大正11年、卒業の時に校長や吉崎先生に請われ、桂華寮の寮長となる。,wikipedia,wikipedia
神田商会のグループ企業であり、主に自社グループブランドのフェンダー・ジャパンやグレコなどの楽器を製造している。,wikipedia,wikipedia
1929年（昭和4年）東京帝国大学農学部林学科卒業。,wikipedia,wikipedia
NBPAは球団オーナーとの労使交渉、不当な扱いを受けた選手の救済活動など、NBA選手の団体交渉窓口として活動する。,wikipedia,wikipedia
新聞広告などで集めた普通の大学生などの70人から選ばれた被験者21人の内、11人を看守役に、10人を受刑者役にグループ分けし、それぞれの役割を実際の刑務所に近い設備を作って演じさせた。,wikipedia,wikipedia
OpusのデータはOggのコンテナでカプセル化することができる。,wikipedia,wikipedia
急峻な山岳線向けなどでは非常用としてブレーキシューを直接線路に押しつけるレールブレーキが搭載されることがある。,wikipedia,wikipedia
ジロマニーは、ベルフォールから、バヨン・ダルザス山（アルザス、ロレーヌ、フランシュ＝コンテの境界となっている山）へ向かう途中にある。,wikipedia,wikipedia
両親は領主で、宮廷顧問官のカール・アドルフ・フォン・トートレーベン男爵とその妻、エルザ・ゾフィアである。,wikipedia,wikipedia
はキャンプ時に肘を故障し手術前半戦を棒に振る、その間抑え投手の座を盛田に譲った。,wikipedia,wikipedia
1955年、A.F.ミャスニコフ名称カチン飛行士軍事航空学校を卒業し、モスクワ防空管区の戦闘機連隊に勤務。,wikipedia,wikipedia
ドラマ本編に出演の主演俳優自らショーに出演するスタイルをとっている。,wikipedia,wikipedia
略称は中航集団、CNAH。,wikipedia,wikipedia
ただし堤の中はオオクチバスとブルーギルが持ち込まれ繁殖している（堤での釣りは禁止されている）。,wikipedia,wikipedia
それぞれの専門的な治療が必要である。,wikipedia,wikipedia
株式会社協和エクシオ（きょうわエクシオ）は、NTTグループ、KDDIなどの通信事業者の電気・通信基盤構築を行なう、日本を代表する情報通信建設会社である。,wikipedia,wikipedia
1995年に日本映画新社からVHSが販売され、2003年（平成15年）にDVDが発売されたが、後に日本映画新社が東宝ステラに合併されたため絶版となった。,wikipedia,wikipedia
2月末に至ってソビエト赤軍による攻撃が段階的に収まると、ドイツ軍は攻撃に転じて、突出したソビエト赤軍の包囲を試みた。,wikipedia,wikipedia
我同胞，鼓舞文明，世界和平永保。,wikipedia,wikipedia
ポルシェがボッシュと共同開発した空気圧低下警告システムを備える。,wikipedia,wikipedia
運航機材は旅客定員36名のSaab340で、紋別市では市民を対象とした助成を行い利用率確保に努めたが、土曜・日曜休航では団体旅行も組みづらく低調に推移した。,wikipedia,wikipedia
EP『My Dear Machine』をリリース。,wikipedia,wikipedia
しかし活発化した反対運動は収まらず、67年にはガリア・ルグドゥネンシス総督ウィンデクスによる反乱を契機に本格的な内乱に突入した。,wikipedia,wikipedia
このように実際の洋館を舞台にして行うスタイルは、ミステリーの本場イギリスで長年行われている演劇様式の一つである。,wikipedia,wikipedia
しかしアップルが設けているiOSアプリケーションの制限により、標準ブラウザのSafariと比較して実行速度が遅く、使い勝手も劣る部分がある。,wikipedia,wikipedia
ポジションはミドルブロッカー。,wikipedia,wikipedia
「同士による事業」というのがニューヨークのダウンタウンの野蛮な経済に対するデュラントの対抗だった。,wikipedia,wikipedia
2012年1月、GBLのオリンピアコスBCに移籍、同チームは2011-12シーズン、ギリシャリーグとユーロリーグを制した。,wikipedia,wikipedia
団員のカード料は一括して支払われるわけではなく、カード料の数割程度となる内金が当日の夜（場合によっては翌営業日）に支払われ、残りの残金が月末などの所定日に支払われる。,wikipedia,wikipedia
"属の学名となっている""Caltha""はラテン語で「強い匂いのある黄色い花」という意味を持つ。",wikipedia,wikipedia
2B1オカ自走迫撃砲（)は、ソビエト連邦軍が開発した口径420 mmの世界最大の自走迫撃砲である。,wikipedia,wikipedia
直接の犯人であるホワイトはマイラ・コーベットを名乗ってマイルズの看護婦として働いていた。,wikipedia,wikipedia
2016年12月1日、スカパー!プレミアムサービスの衛星一般放送事業者がスカパー・ブロードキャスティングからスカパー・エンターテイメントに変更。,wikipedia,wikipedia
2008年4月24日放送から出演者を全員入れ替えて、再出発した。,wikipedia,wikipedia
他にトライモ型とスティルソン型が同じTRIMONT社の広告に載っているものもある。,wikipedia,wikipedia
基本的に米国は日本の核武装に反対である。,wikipedia,wikipedia
※すべてマックス・エーから発売。,wikipedia,wikipedia
しかし、ベータ方式を基に策定された放送用規格「ベータカム」は、20年以上に渡り世界の放送業界のデファクトスタンダードとなり、デジタルベータカムやHDCAMなど再生互換性を持つ製品バリエーションを増やしながら2016年3月末まで販売されていた。,wikipedia,wikipedia
歴史の詳細は別項「川越市」「河越氏」「河越館」「川越城」を参照。,wikipedia,wikipedia
大向小学校は現在の渋谷区立神南小学校の土地へ移転。,wikipedia,wikipedia
やがて「珍しい日本人がいる」として、現地で複数のメディアから報じられると一躍有名人になり、大勢の利用者の中から見物にまわる人々に加えて、空港には野原に一目会いたいというファンが頻繁に訪れ、記念撮影やサインを求められるまでになった。,wikipedia,wikipedia
平日のメインニュースでキャスター二人体制となるのは、2015年4月改正以来2年半振りとなる。,wikipedia,wikipedia
チーム名記載なきは選抜チーム。,wikipedia,wikipedia
広瀬陸斗が徳島へ完全移籍。,wikipedia,wikipedia
毎週金曜22時から23時に生放送され、翌週再放送が随時行われる。,wikipedia,wikipedia
文政3年（1820年）夏に、篤胤の『霊能真柱』『古史成文』『古史徴』その他に目を通し国学を志した。,wikipedia,wikipedia
同時に私立高校も下記の通り、大学進学率を向上し、公立vs私立の生徒の獲得競争が強まっている。,wikipedia,wikipedia
1回戦ではJR東海を相手に先発として起用され好投、勝利投手となる。,wikipedia,wikipedia
成駒屋五代目 中村福助（なりこまや ごだいめ なかむら ふくすけ、1900年5月10日 - 1933年8月11日）は歌舞伎役者。,wikipedia,wikipedia
三遊亭 圓窓（さんゆうてい えんそう）は、落語家の名跡。,wikipedia,wikipedia
また、姉妹施設として那須サファリパーク（栃木県）がある。,wikipedia,wikipedia
2006年にはリニューアル版として船越英一郎が主演する『新船長の航海事件日誌』が放送された。,wikipedia,wikipedia
2009年、柏へ2年振りに復帰することが決まった。,wikipedia,wikipedia
科学史家ジョン・マカヴォイもほぼ同様の考え方で、プリーストリーの観点では自然は神と同じ広がりを持つ無限なもので、仮説や理論は全てそのためにあり、ラヴォアジエの理論は受け入れられなかったとした。,wikipedia,wikipedia
1947年初飛行。,wikipedia,wikipedia
国政においては父の外交政策を引き継ぎ、周辺国との関係構築に全力を挙げた。,wikipedia,wikipedia
現在の姫路市飾東町の東半にあたる。,wikipedia,wikipedia
地域の主要な産業は農業で、米が主な生産品である。,wikipedia,wikipedia
ユダヤ人が神の祭司であるのに対し、非ユダヤ人は労役に服するという差別性がある。,wikipedia,wikipedia
この年は、義原武敏を擁して、第36回全国高等学校野球選手権大会で1勝しベスト16を記録。,wikipedia,wikipedia
これはグライムのシーンにおいても、ヒップホップ系ファッションの着用が1つの標準となっていることが理由である。,wikipedia,wikipedia
"グレート・ウェスタン ("""") （名前の由来はグレート・ウェスタン鉄道）は大西洋航路のために造られたものとしては初の蒸気船である (補助用の帆も備え付けられており、四本マスト)。",wikipedia,wikipedia
また、透明性を強調する教団方針を掲げているにもかかわらず、幹部の一人がオウム真理教との関係を明かさないまま一般向けのヨーガ教室を開催していたことについては、個人的な事業であると釈明した。,wikipedia,wikipedia
2015年1月 MCGATAとしてエスエスエコーズからCD「帰郷～これが俺の生きGATA～」リリース。,wikipedia,wikipedia
新本館・立体駐車場建設と南館の増改修工事は、中心市街地活性化の一環として整備した。,wikipedia,wikipedia
大学校教官時代に佐藤鉄太郎らが主宰していた研究会「天晴会」に勧誘されて経典を研究するようになり、晩年は霊研究や宗教研究に没頭した。,wikipedia,wikipedia
一方で西南部のJR関西線と近鉄線の立体交差は、環状2号の計画を踏まえて早期の完成を見たことから、一般部の供用当初より鉄道横断を実現している。,wikipedia,wikipedia
一方で、日本軍側より見た艦砲射撃の効果は、アメリカ軍の捕虜となった兵士の尋問により「艦砲射撃による戦死者のあまりの多さにぞっとした」「艦砲射撃が最も恐ろしかった」「アメリカの最大の勝因は艦砲射撃」との証言あり、かなりの脅威となっていた事が窺がえる。,wikipedia,wikipedia
裏ジャケットでは薔薇と蝶をあしらったロゴが登場した。,wikipedia,wikipedia
1891年1月1日、埋葬隊が派遣された。,wikipedia,wikipedia
息詰まるような暗闇や、手足を伸ばした裸の死体の構成基礎などが、明らかにジェリコーの絵に影響を与えている。,wikipedia,wikipedia
ヒトがインフルエンザにかかった時の症状は、発熱、咳、咽頭痛、筋肉痛、結膜炎などで、重症の場合は肺炎や呼吸不全を起こして死亡する場合もある。,wikipedia,wikipedia
なお、経営事項審査では3点が加点される。,wikipedia,wikipedia
『DX妖怪ウォッチ』『DX妖怪ウォッチ零式』『DX妖怪ウォッチ フミちゃんVer.』『DX妖怪ウォッチU プロトタイプ』『DX妖怪ウォッチドリーム』『DX黒い妖怪ウォッチ』の6種類があり、それぞれ対応している妖怪メダルが異なる。,wikipedia,wikipedia
第二京極の狭い地区には、同年1月に横田商会が中央電気館（のちの大正座あるいは中央映画劇場）を角力常設館として新設したほか、三友倶楽部（のちの京極東宝）、新富座（のちの京極大映、合併して京極東宝）等の芝居小屋・映画館がひしめき合っていた。,wikipedia,wikipedia
誤って逆周を行ってしまうと従業員から注意を受ける。,wikipedia,wikipedia
機長は逆噴射装置を作動させブレーキを6秒間踏んだ後、一転してボーイングの標準手順に従い着陸復行を開始した。,wikipedia,wikipedia
入口上部には天竜川と山並みが描かれた「天竜座」が、東西南北には「川合花の舞」が飾られている。,wikipedia,wikipedia
その後の州が加盟した日は、オハイオ州を除き、加盟を定めた法律や、その法律に基づく後の決議によって定められている。,wikipedia,wikipedia
"アンジェラ・カーター（Angela Carter,1940年5月7日 - 1992年2月16日）はイギリス・イングランドの小説家。",wikipedia,wikipedia
中学1年の時に全日本カデット（13歳以下の部）で優勝。,wikipedia,wikipedia
全国一律であると仮定した場合、物価の安い地方に生活する動機付けになるという意見がある。,wikipedia,wikipedia
一般に測定によって最終的に求めたい値が一つの測定の結果から得られるとは限らず、それぞれ固有の誤差を持つ複数の値から求めなければならない場合が多い。,wikipedia,wikipedia
また、1934年（昭和9年）3月5日の東京への電話開通など、この時期には近代化が進む。,wikipedia,wikipedia
樹液に集まることは少なく、他の昆虫の幼虫や死骸を食物とする。,wikipedia,wikipedia
1998年に行われたフランスW杯期間中、スカパー!で『ワールドカップだけのための500時間』を企画、自ら司会も務めた。,wikipedia,wikipedia
1914年（大正3年）、山口中学校を卒業する。,wikipedia,wikipedia
1936年の二・二六事件発生時に、部下が岡田首相の生存を発生した。,wikipedia,wikipedia
相手から下回転（バックスピン）のかかったボールがおくられたとき、ラケットの面を上に向け、台上でボールの下をこすり、下回転で相手に返球する。,wikipedia,wikipedia
メルセデスは1857年7月6日に布告531号によって市に昇格し、またヴィラ・ソリアーノに代わって県都となった。,wikipedia,wikipedia
発光する部位は、生物によって様々である。,wikipedia,wikipedia
第38任務部隊は8月まで日本各地を攻撃し、インディペンデンスの艦載機は空中哨戒を行う一方、谷田部、浦河、室蘭などを攻撃し、7月24日と28日の呉軍港空襲では軽巡洋艦大淀と重巡洋艦利根、戦艦榛名に損害を与えたと判定された。,wikipedia,wikipedia
耐震性を考慮して、内部には鉄製の心棒を立て、枠木で像を固定している。,wikipedia,wikipedia
『elements』（エレメンツ）は、日本の音楽ユニット、day after tomorrowのアルバム。,wikipedia,wikipedia
ほかの枝と並んで、この物語もヘルゲストの赤い本 (Red Book of Hergest) およびレゼルフの白い本 (White Book of Rhydderch) に見いだされる。,wikipedia,wikipedia
イギリスのヴィッカース社で建造。,wikipedia,wikipedia
"ボルチモアの名前はメリーランド植民地の建設の立役者であるアイルランド貴族院議員の第2代ボルティモア男爵、シラス・カルバート（Cecilius Calvert, 2nd Baron Baltimore）に由来する。",wikipedia,wikipedia
これを19世紀のはじめに植物学者のカール・ルートヴィヒ・ヴィルデノウがベルリン大学の研究施設として、国際的に評価の高い植物園に育てあげた。,wikipedia,wikipedia
その後もトミー・デッカーはバンドを継続する事を誓う。,wikipedia,wikipedia
1994年に、米政府が保護により充分に増加したコククジラを絶滅危惧種から外し、「IWC（国際捕鯨委員会）」も先住民の捕鯨を認めた為、部族の伝統派グループが、インディアンの権利の回復運動と併せて、「マカー族の伝統捕鯨を再開する」と宣言した。,wikipedia,wikipedia
この『旭琉會』が翌2012年に暴力団対策法の定めるところの指定暴力団とされ、以来、県内唯一の指定暴力団となっている。,wikipedia,wikipedia
東京都在住。,wikipedia,wikipedia
スレッシャーはたまらず潜航した。,wikipedia,wikipedia
タルヴェラもこの動きには強い共感を持ち、参謀本部アカデミーでは「ラドガ・カレリア奪還への好機」と題した卒業論文をアーロ・パヤリとの共同で作成している。,wikipedia,wikipedia
ハットンはその後、シッカーポイントの観測により自説が正しいことを確かめ、1795年には自らの理論を著書『地球の理論』としてまとめたが、この理論はハットン存命中には広く伝わらなかった。,wikipedia,wikipedia
408（四百八、よんひゃくはち）は、自然数また整数において、407の次で409の前の数である。,wikipedia,wikipedia
2008年10月には修復版のみならず、試写会版や劇場公開版も含めた50周年記念DVDがユニヴァーサル・スタジオから発売された。,wikipedia,wikipedia
中には、京阪宇治バスの一部車両の様に、後面のみをラッピングし、側面と正面には行わない例もある。,wikipedia,wikipedia
その他にあらかじめ設定した人にフォーカスをあわせて撮影するサーチミーフォーカスやいわゆる笑顔になったら自動でシャッターをきるスマイルファインダーにも対応している。,wikipedia,wikipedia
尾張国生まれ、安井家門下、六段。,wikipedia,wikipedia
このプロセスは、スコットランド人化学者であるジェイムズ・C・クロウが、ケンタッキー州ウッドフォード郡のオールド・オスカー・ペッパー蒸留製造所（現在は、ウッドフォード・リザーヴ蒸留製造所、）で働いていたとき、開発したものである。,wikipedia,wikipedia
"その性能は14.6kgの砲弾を仰角44度で15,020m、最大仰角80度で9,450mの高度まで到達できた。",wikipedia,wikipedia
1853年、鉄道はメカニクス図書館を建設したが、これは国内初の産業図書館となり、現在でもアルトゥーナ公共図書館として残っている。,wikipedia,wikipedia
樹勢は盛んで、一見森のようにも見えるほどである。,wikipedia,wikipedia
一方、カナダ、オーストラリアなどの英国連邦の国々は、プライバシーコミッショナー制度のもと、ガイドラインに基づき実施している［1］。,wikipedia,wikipedia
無人駅である。,wikipedia,wikipedia
『夢の涯て〜子午線の夢』で、日本レコード大賞編曲賞受賞。,wikipedia,wikipedia
はじめの1 - 2分程度、ナレーションにより予告編が流れた後、まずスタート地点に立つ太川と蛭子の2ショット映像になり、そこで番組タイトル と、前回の旅の振り返り、今回の旅の大まかな行程を太川が説明する。,wikipedia,wikipedia
。,wikipedia,wikipedia
ローリング・ストーンズについては 「まあ、頑張ってほしいよ。,wikipedia,wikipedia
第1回巨匠展に出品された『TOKIJIKU（非時）XXIV』は、画集には未だ採録されていない。,wikipedia,wikipedia
過去にマリファナが貧しい農家の収入源になったことがあり、現在もかなりの商品作物になっている。,wikipedia,wikipedia
日本でも沖縄県や鹿児島県の奄美群島などの一部地域では旧正月を祝う地方がある。,wikipedia,wikipedia
たとえばn-ブチルリチウムにより非対称のチオエーテルを生成する。,wikipedia,wikipedia
"1995年全仏オープンの女子シングルス準々決勝では、同じスペインのコンチタ・マルティネスに 0-6, 4-6 で敗れた。",wikipedia,wikipedia
2年の時には体重別で3位になるが、強化選手選考会では決勝で東海大第三高校3年の矢崎利加に敗れて2位だった。,wikipedia,wikipedia
日本各地に次元の歪みを発生させ、神霊兵器で日本沈没を目論むドレクスラー機関を壊滅させるため、奮闘している。,wikipedia,wikipedia
クラクフやアンタリアには旧式の、しかし可動整備済みの市電が贈られ、実用に供されている。,wikipedia,wikipedia
これは頻繁に鮮やかな「涙の祝福」を伴うものであった。,wikipedia,wikipedia
イシサンゴ類では、触手は口の周囲にならぶ。,wikipedia,wikipedia
南軍の損失は60ないし75名だった。,wikipedia,wikipedia
寺の東側にあり、顔出し看板なども置かれている。,wikipedia,wikipedia
この命名は、(André Néron)とジョン・テイト(John Tate)にちなんでいる。,wikipedia,wikipedia
遠近で赴く者は20万人にも及んだ。,wikipedia,wikipedia
平均気温は61 (16℃) である。,wikipedia,wikipedia
自身の技術を法的に否定されたことでチャールズは人工降雨の技術を封印。,wikipedia,wikipedia
旧姓、町田。,wikipedia,wikipedia
2004年、競馬学校に騎手課程第23期生として入学。,wikipedia,wikipedia
一説には、呉春の門に入って松村景文に画を学び、長山孔寅、松本観山、中川山長に師事したともいう。,wikipedia,wikipedia
そのほか、100人以上が怪我をし、墜落とそれによる火災で20軒以上の家屋と多数の自動車が被害を受けた。,wikipedia,wikipedia
のちの時代においては、砲弾と装薬を装填機構まで運ぶ揚弾機は主砲1門につき1基が付くのが普通であるが、これに対し、シュコダ社は構造を簡略化して重量を軽減する目的から揚弾機は各砲身の間に1基ずつの計2基しか設置しなかった。,wikipedia,wikipedia
このような不祥事があったためか、賀茂宮は一部の系図史料（『本朝皇胤紹運録』など）に掲載がされていない。,wikipedia,wikipedia
また『ブラック2・ホワイト2』ではソウリュウシティのジムリーダー・シャガやエンディング後のライバルが使用する。,wikipedia,wikipedia
ロシアでは絶滅したと考えられ、大韓民国、朝鮮民主主義人民共和国、日本、台湾では絶滅した。,wikipedia,wikipedia
現地ではMegacampeonato de AAAと呼ばれる。,wikipedia,wikipedia
顔つきや体つきは、典型的な日本犬の姿をしている。,wikipedia,wikipedia
入場者数は目標の300万人を超え、360万7千人余りであった。,wikipedia,wikipedia
理論上は、その周囲で形成されたHAT-P-4bも、平均分子量が大きく中心部に比較的大きな固体コアを持つ高密度な惑星になることが予測されるが、実際に観測されたHAT-P-4bの密度は他のホットジュピターと大差のないものだった。,wikipedia,wikipedia
ちなみにチベットでは宗教的理由から、故人の遺体を早く棄てたり消したりする事が重要視されている。,wikipedia,wikipedia
ノープリウス幼生は数回の脱皮を経てキプリス幼生に変態する。,wikipedia,wikipedia
近年、湖の近くで多くの売春婦が営業しており、カサ・デ・カンポはメジャーな売春エリアとなっている。,wikipedia,wikipedia
フランス語の「」に従い、英語圏においても、CGPMを頭字語とする。,wikipedia,wikipedia
現在は旧村域に磐越西線の尾登駅が所在するが、当時は未開業（1955年開業）。,wikipedia,wikipedia
リーグの設立と共に設立したニューヨーク・ヤンキースは、グランジの人気もあって、NFLへの参入が認められたが、グランジが怪我をして、古巣ベアーズへと復帰し、チームもNFL参入後2年で解散した。,wikipedia,wikipedia
その後H.R.とアールが出戻り、1995年に『God of Love』発表。,wikipedia,wikipedia
終戦後、笠置シヅ子がエノケンの相手役を務めたが、同コンビは有楽座の舞台を連日満員にし、映画でも『エノケンのびっくりしゃっくり時代』『歌うエノケン捕物帖』『エノケン・笠置のお染久松』などがヒット作となった。,wikipedia,wikipedia
SU-152自走砲は25日という記録的な早さで設計を完了し実地試験に入った。,wikipedia,wikipedia
現在、城壁や都城の門は跡形もなくなったが、ベルリンには『～Tor（門）』という地名はそこかしこに残されており、門の外側に作られたかつての鉄道ターミナル駅の名前にも反映している。,wikipedia,wikipedia
栃木県と境を接する。,wikipedia,wikipedia
このため、従来の45口径12cm砲（）4門装備が踏襲されることになったが、彌縫策として、従来は最大仰角40度の平射砲架であるMk.XVIIIと組み合わされていたのに対し、本級では、1940年9月に完成したばかりの最大仰角55度のMk.XXII砲架が初搭載され、対空射撃能力を強化した。,wikipedia,wikipedia
ロムロ・ボルジェス・モンテイロ（Rômulo Borges Monteiro、1990年9月19日 - ）は、ブラジル・ピークス出身のプロサッカー選手。,wikipedia,wikipedia
『通信対局 囲碁道場2700問』（つうしんたいきょく いごどうじょう2700もん）は、2008年8月5日よりWiiウェアでダウンロード販売開始された任天堂初のコンピュータ囲碁ソフトである。,wikipedia,wikipedia
2001年10月7日にはスティーブ・カーン、ドリー・ファンク・ジュニア、ボブ・バックランドと共に、藤波辰爾の自主興行『無我』の後楽園ホール大会に来日、12日と13日の新日本プロレスの興行にも残留参戦した。,wikipedia,wikipedia
数体上の定理の大半が、有限体上の函数体の上で成り立つという事実である。,wikipedia,wikipedia
同時期に飢餓を回避するため必要不可欠な食料を輸入していたため、その出費は国の経済の更なる負担になった。,wikipedia,wikipedia
見どころはリアルな死闘の暗殺場面や豪快な殺陣の立ち回りで、以蔵扮する勝の人間臭い喜怒哀楽や、田中新兵衛役の三島の迫真の切腹演技も好評であった。,wikipedia,wikipedia
会場では野点が行われた。,wikipedia,wikipedia
2017年、4月6日 自身のブログにて一般男性との結婚を発表した。,wikipedia,wikipedia
2005年10月の第16期五中全会では、上海市党委書記を陳良宇から劉に任せることで、江沢民派の牙城を崩そうとしたが果たせなかった。,wikipedia,wikipedia
トラファルガー・ロー率いる海賊団。,wikipedia,wikipedia
5月の体重別準決勝では金野相手にお互いに牽制しあうあまり両者反則負けとなった。,wikipedia,wikipedia
また第二次世界大戦終了直後の一時期に「キャンプ・カー駅」が大和西大寺 - 油阪間に設置されていた時期もあった。,wikipedia,wikipedia
公園ではなまはげに追いかけられたりはするものの、なりゆきで一緒に暮らすことになり、次第に守にとって大切な存在となっていく。,wikipedia,wikipedia
1952年に血のメーデー事件に参加した際、警官隊との衝突で負傷し逮捕される。,wikipedia,wikipedia
"2013年（平成25年）6月1日には稲沢市内にある名古屋文理大学と愛知文教女子短期大学の蔵書約122,000冊を取り寄せ可能とするサービスを開始した。",wikipedia,wikipedia
ポルトガル軍はFRELIMOのキャンプに対し、ポルトガル空軍（）による爆撃とアメリカ軍によって用いられた戦術であるクイック・エアボーン（ヘリボーン）を用いてゲリラを包囲・殲滅した。,wikipedia,wikipedia
国土北部の海岸沿いをラ・コスタ山脈が東西に連なり、東部にはアラヤ半島、パリア半島が存在し、アラヤ半島沖にマルガリータ島が存在する。,wikipedia,wikipedia
OGsでは、指揮官用機として製造された強襲用人型機動兵器。,wikipedia,wikipedia
以下の「区・種・側・番」は、墓所の詳細な位置を示している。,wikipedia,wikipedia
"続けて翌1973年にも3rdアルバム『死後硬直(""Rigor Mortis Sets in"")』を発表（全米174位）。",wikipedia,wikipedia
6月24日にDFAとなり、翌25日に40人枠を外れる形で傘下のAAA級オクラホマシティ・ドジャースへ配属された。,wikipedia,wikipedia
北欧理事会は欧州連合 (EU) とより一体となってきているが、どちらの国もEUには加盟していない。,wikipedia,wikipedia
王朝初期の徴税は質実であり、宗教法により規定されている救貧税、地租、人頭税などが課せられるのみである。,wikipedia,wikipedia
土曜20:15 - 20:43の放送枠で、2017年4月8日 - 5月20日の期間で全7話が放映された。,wikipedia,wikipedia
第一青函丸では、荒天時の波浪で積載貨車を損傷するという問題があったため、第二青函丸では凌波性向上のため、船体を1.2m延長して全長112.78mとし、船首楼の高さも、第一青函丸の倍、甲板室2層分相当の5.2mとし、長さも17mと大型化して、積載貨車の先頭車両のみ覆う構造とした。,wikipedia,wikipedia
数々のクラシックレースで活躍するようになる。,wikipedia,wikipedia
"複合体IVには2種のヘム（ヘム""a"" 、ヘム""a"" ）、2種の銅中心（CuとCu）が含まれている。",wikipedia,wikipedia
空腸と回腸は十二指腸と違い腸間膜があるので、空腸と回腸を総称して腸間膜小腸と分類する場合もある。,wikipedia,wikipedia
全日本スノーボード選手権大会（ぜんにほん―せんしゅけんたいかい）は、日本スノーボード協会が主催するスノーボード全国大会である。,wikipedia,wikipedia
1962年には安保闘争への総括文書である「擬制の終焉」を発表した。,wikipedia,wikipedia
ドラッグストアの店舗ブランド名はドラッグストア「アカカベ」、「アカカベ薬局」。,wikipedia,wikipedia
球団オーナーは小林公平から宮内義彦オリックス社長に交代し、球団社長（兼球団代表）に近藤靖夫が就任した。,wikipedia,wikipedia
重忠は御家人に列し、頼朝の大倉御所への移転や鶴岡八幡宮の参詣の警護などの『吾妻鏡』の記事に重忠の名が見える。,wikipedia,wikipedia
1874年の6月1日から再び横浜に戻り、聖書翻訳に取り組む。,wikipedia,wikipedia
同済大学駅（どうさいだいがくえき）は中華人民共和国上海市楊浦区に位置する上海地下鉄10号線の駅である。,wikipedia,wikipedia
この間、1980年6月に新日本プロレスに初来日し、以降も新日本に度々参戦。,wikipedia,wikipedia
結果、1点の寓意画が認められた。,wikipedia,wikipedia
2013年、「顔剥ぎ観音」で第8回『幽』怪談文学賞長編部門奨励賞受賞。,wikipedia,wikipedia
また拳法ではあるが、妖術の類に入る技も含まれている。,wikipedia,wikipedia
敦賀半島の付け根に位置し、山頂には三等三角点(基準点名「原」)がある。,wikipedia,wikipedia
園内には周南市郷土美術資料館・尾崎正章記念館が設けられており、旧新南陽市出身の画家・尾崎正章の作品を常設展示している。,wikipedia,wikipedia
縦横にめまぐるしくスクロールする迷路状のステージの壁に挟まれたり、ステージ上にいる敵キャラクターに追いつかれたりしないようにステージのクリアを目指す。,wikipedia,wikipedia
これが後に動物の骨を用いて作られた骨針、竹でできた竹針（箴）、陶器の破片でできた陶針などになっていった。,wikipedia,wikipedia
昔、秦が三人の臣下を勝手に殺したとき、君子は穆公が覇者になれないことを知ったのです。,wikipedia,wikipedia
特許発明（特許法2条2項）として、登録されるためには、以下の登録要件を満たすことが必要である。,wikipedia,wikipedia
革命を成就させるためには、爆弾や銃による武装蜂起が不可欠であるとする。,wikipedia,wikipedia
主な町は島の南海岸の湾に主都のキングストン（Kingston）で人口の大半はここに集中している。,wikipedia,wikipedia
※アニメ中断、この間は特撮番組（『河童の三平 妖怪大作戦』）を放送。,wikipedia,wikipedia
『めちゃイケ』で矢部が探偵のオファーをした回では、ゲームでの探偵モードと同じ色の帽子やコートを着た「オカレモン」が現れていた。,wikipedia,wikipedia
B型。,wikipedia,wikipedia
その途上彼らは軍隊の攻撃を物ともせず摩天楼を蹂躙する巨大な怪獣を目撃する。,wikipedia,wikipedia
一方でドイツ、スペイン、ベルギー、フィンランドは無得点に終わった。,wikipedia,wikipedia
これまでは無人駅でも全扉を開けていたため、信用乗車方式に近い状況であった。,wikipedia,wikipedia
8月29日にマイナー降格を受け入れ、AAA級バッファローに降格した。,wikipedia,wikipedia
塩素全体の中のClの割合と比べて、ヨウ素全体の中のIの割合は極めて小さいこと。,wikipedia,wikipedia
二軍戦での登板は無く、三軍戦では14試合に登板し、14回1/3を投げ、1勝1敗、防御率5.65でシーズンを終えた。,wikipedia,wikipedia
キャンパス内で騒動を見ていた教員のパッティ・ネルソンは、学生のブライアン・アンダーソンと西エントランスへ向かった。,wikipedia,wikipedia
中山駅を出ると、鶴見川の支流である恩田川が見え、恩田川側は農地が広がり、反対側は近年拡張された都市計画道路山下長津田線を挟んで住宅街となる。,wikipedia,wikipedia
熊野 剛雄（くまの よしお、1926年 - ）は日本の経済学者。,wikipedia,wikipedia
ソフトウェア設計におけるCSPの応用は、主に人命に関わるような重要なシステムでなされている。,wikipedia,wikipedia
町内には市川市立二俣小学校や東京経営短期大学、京葉道路、大塚商会、日通航空、ホームセンターコーナン市川原木店（東京エアカーゴシティターミナル跡地）などがあり、かつては東京エアカーゴシティターミナルがあったことから、現在も航空貨物各社の倉庫や物流センターが多い。,wikipedia,wikipedia
また、NKB Y’sの事務所を「クイーンズタワーC 19F」へ移転。,wikipedia,wikipedia
またイラク外相のホーシュヤール・ズィーバーリーは当該建物はイラン政府の認証を受けた政府機関であるが正式な接受を伴わない経過中のオフィス（リエゾンオフィス）であるとし、同条約36条違反には当たらないとした。,wikipedia,wikipedia
ゲーム誌『ファミコン通信』のクロスレビューでは合計で27点（満40点）、『メガドライブFAN』の読者投票による「ゲーム通信簿」での評価は以下の通りとなっており、15.37点（満30点）となっている。,wikipedia,wikipedia
グローバル安全保障・貿易研究センター（Center for the Study of Global Security and Trade：GLOSET)主宰。,wikipedia,wikipedia
NAVERまとめ（ネイバーまとめ）は、韓国のIT企業ネイバーの子会社、LINE株式会社が運営するCGM型Webキュレーションサービスである。,wikipedia,wikipedia
その後、1882年から1887年（1882年の火事の後）、1957年から1958年、1991年から1995年（国家再独立後）、など数度にわたり修繕をされた。,wikipedia,wikipedia
ステージレースでは「時に個人、時にチーム」で、「その日のゴールの着順」「最終的な所要時間など各種の総合成績」などいくつかの目的のために走ることになる。,wikipedia,wikipedia
プランテンは乾燥させてこれを碾き、粉にすることもある。,wikipedia,wikipedia
歯車の歴史は古く、1901年には地中海に沈んでいた古代ギリシア時代のアンティキラの沈没船（）から回収されたアンティキティラ島の機械は紀元前150 - 100年に製作されたと考えられているが、これは歯車を利用した天体運行計算機だった。,wikipedia,wikipedia
2009年9月25日にソフマップ限定発売のセット。,wikipedia,wikipedia
原作はロシア文学で、1868年に発表され同時代のロシアを舞台としている。,wikipedia,wikipedia
他の有機物質を合成するときの中間体として用いられる。,wikipedia,wikipedia
また、常にリフレッシュを行っているため、消費電力が大きい。,wikipedia,wikipedia
ところが第10戦ヨーロッパGPでマーク・ウェバーが3位表彰台、チームメイトのデビッド・クルサードも5位入賞を果たすと信頼性の問題も一定の改善が見られるようになった。,wikipedia,wikipedia
1986年にNational Coalition for Cancer Survivorshipが設立され、初代会長にMullan医師が就任した。,wikipedia,wikipedia
氏姓は藤原朝臣のち藤原恵美朝臣。,wikipedia,wikipedia
これまでメダルを夏季オリンピックは、1960年ローマオリンピック、1964年東京オリンピック、1972年ミュンヘンオリンピックの3大会でボクシングでの獲得と、1992年バルセロナオリンピックサッカーでの銅メダル、計4個である。,wikipedia,wikipedia
アームストロングは、より高い周波数の機器の方が敵の船団をより効率的に発見できることに気づいたが、当時は「短波」の実用的な増幅器は存在しなかった。,wikipedia,wikipedia
終点から先は国道341号（仙北市）まで市道が続き、途中には駐車場と安の滝（中ノ又渓谷）・幸兵衛滝（立又渓谷）・桃洞滝（桃洞渓谷）など森吉山県立自然公園内のトレッキングコースや登山道が整備されている。,wikipedia,wikipedia
1914年の暮れから、5人の英国スカウトが伝令係として西部戦線に赴くこととなった。,wikipedia,wikipedia
新潮社文学賞受賞。,wikipedia,wikipedia
6月29日から7月6日までアラスカ州のジュノーを訪れ、7月12日にシアトルに到着すると広範囲オーバーホールが行われた。,wikipedia,wikipedia
ノボルとタマエは互いにホーを視認できる人物に初めて出会い喜ぶが、2人の前に突如ルナチクスが出現。,wikipedia,wikipedia
1977年-78年にかけてのオガデン紛争の際、Mi-24はエチオピア空軍によって初めて運用され、ソ連から運ばれる軍事装備の大規模な空輸を行った。,wikipedia,wikipedia
また、スポーツパッケージ各車には専用スポーツチューンドサスペンションやリアアクティブステア、アルミペダルなどが装備される。,wikipedia,wikipedia
少なくとも1500年前、現在のカイルアにハワイ人が住んでいた可能性がある。,wikipedia,wikipedia
2017年度からエンディングが一新された。,wikipedia,wikipedia
心霊主義者の今村光一は超常現象の分野でもこれまでぶつかったことがない、極めて珍しい実例だとしている。,wikipedia,wikipedia
決勝ラウンドでは日本に勝利するも6位となった。,wikipedia,wikipedia
1953年にはUSブラインドゴルフ協会（United States Blind Golf Association、USBGA）が設立されており、日本でも1991年に日本盲人ゴルフ協会（現日本ブラインドゴルフ振興協会）、1994年に日本視覚障害ゴルファーズ連絡協議会（後の日本視覚障害ゴルファーズ協会）が発足するなど各国個別に協会、支援団体が設立されていた。,wikipedia,wikipedia
塩やボーキサイトなども生産される。,wikipedia,wikipedia
中にはこのゴミを放置するものもいないではないが、そういった行為はマナーの上で否定される。,wikipedia,wikipedia
たどたどしい科白回しで演じられるその舞台に三島はひどく感銘を受け、その一切は『豊饒の海』第三巻『暁の寺』にそのまま描写されることとなった。,wikipedia,wikipedia
吐含山をはじめとする仏国寺境内地の森林は、主に松林が広く分布しており、寺刹境内の樹齢100年前後の松が外郭部の場合、少し若い自然状態を維持していることが報告された。,wikipedia,wikipedia
単体・化合物両方において極めて多様な形状をとることができる。,wikipedia,wikipedia
ブラックワイドショーは、「黒く、正しく、美〜しく」をモットーに、社会ではどうでもいい事とされていたり、普通のニュース番組等では伝えられないあらゆる“グッとくる”出来事を放送した。,wikipedia,wikipedia
7月赤城乗組。,wikipedia,wikipedia
岡山大学の実験によると10%以上の濃度の木酢酸液に24時間漬けた白癬菌は発育を止めたという医学的効果をレポートされている。,wikipedia,wikipedia
1995年11月、秋野結衣（あきの ゆい）名義で『天使の恥じらい』でAVデビュー。,wikipedia,wikipedia
試合の中継のない夜及びプロ野球オフシーズンは文字ニュース（現在はミュージックビデオやHTB自社主催事業の宣伝映像などにL字画面で字幕によるニュースと天気を流す「朝までN天」）を放送している。,wikipedia,wikipedia
品川寄り運転台は屋根が荷台側に延ばされてその上に通常の菱枠形パンタグラフを搭載、荷台部には背の低いあおり戸が両運転台間の全長に渡って設けられた。,wikipedia,wikipedia
現在では家畜のみならず、耕運機の後をつけることもある。,wikipedia,wikipedia
山口 三夫（やまぐち みつお、1928年 - 1997年11月）は、フランス文学者。,wikipedia,wikipedia
グリルは、シルビアが横長長方形を組み合わせたものに対し、ガゼールはハニカム状のもの。,wikipedia,wikipedia
1989年5月1日8段昇段。,wikipedia,wikipedia
子午線（しごせん、）とは地球の赤道に直角に交差するように両極を結ぶ大円である。,wikipedia,wikipedia
2005年、クリスティーナ・スカル、ウェイン・G.ハモンドによる索引の再構成、テキストの全面見直し版が出版された。,wikipedia,wikipedia
"マイク・ラッセル・ラガ（Michael Russell Laga , 1960年6月14日 - ）は、アメリカ合衆国ニュージャージー州出身のプロ野球選手。",wikipedia,wikipedia
新潟大学教授。,wikipedia,wikipedia
在学中にアカンサス音楽賞などを受賞。,wikipedia,wikipedia
"ヒンドゥー暦の旧暦（太陰太陽暦）では、サンスクリット語で「太陰暦の1か月の半分」を意味する (パクシャ、"") が使われる。",wikipedia,wikipedia
この形式は60年の歴史の中で2つの重要な変化があった。,wikipedia,wikipedia
上条 螘司（かみじょう ありじ、万延元年7月7日（1860年8月23日） - 大正5年（1916年）11月25日）は自由民権家、教員。,wikipedia,wikipedia
また海の中の離島であることを生かし、亜硫酸ガスによる煙害で批判を浴びていた銅精錬業が瀬戸内海に進出した。,wikipedia,wikipedia
大きく可視的で長きにわたる地域的な移民回廊が、スペインとチリの間に築かれた。,wikipedia,wikipedia
中世の篠崎郷は上篠崎と下篠崎の2つの村で構成されており、江戸時代も同様だったようである。,wikipedia,wikipedia
もっとも、ピザの歴史はマルコ・ポーロが訪中した13世紀よりも古いと考えられ、実際には両者は無関係である。,wikipedia,wikipedia
ILLUSIONがこれまでに発売したアダルトゲーム「人工少女」シリーズのゲームシステムを踏襲した3D学園生活シミュレーター。,wikipedia,wikipedia
この耐震構造理論を用いて耐震壁付き鉄骨鉄筋コンクリート構造の日本興業銀行本店（渡辺節設計、1923年竣工）や歌舞伎座、実業之日本社ビル等の構造設計を実施。,wikipedia,wikipedia
シングルス自己最高ランキングは6位。,wikipedia,wikipedia
長い独白シーンが大量に含まれていたためである。,wikipedia,wikipedia
東京都練馬区の光が丘駅と渋谷区の新宿駅を結ぶ放射部と、新宿駅から反時計回りに新宿区の都庁前駅に至る環状部から構成される。,wikipedia,wikipedia
広島県道333号岡郷東市之堂線（ひろしまけんどう333ごう おかごうひがしいちのどうせん）は東広島市黒瀬町乃美尾（のみのお）と東広島市黒瀬町南方を結ぶ一般県道である。,wikipedia,wikipedia
卒業生の進路は、朝鮮総聯職員、朝鮮学校教員などのほか、在日同胞企業などへの就職が多い。,wikipedia,wikipedia
プレゼントは期間限定・数量限定のものもあり、常に貰えるというわけではない。,wikipedia,wikipedia
安井の塾にいたとき、安井の作詩を代書した。,wikipedia,wikipedia
2006年ビクターエンタテインメントSPEEDSTAR RECORDSよりメジャーデビュー。,wikipedia,wikipedia
フィリピンの選挙法では、高齢者や農家、労働者や若年層といったセクターが認められている。,wikipedia,wikipedia
初夢ステークスでは直線で2番手から抜け出したところを2列目の内で脚を溜めていたタカオノボルに差し切られて2着となった。,wikipedia,wikipedia
劉粲は劉聡に上書し「司馬鄴が死ねば民の希望もなくなり、李矩や趙固も利用できなくなります。,wikipedia,wikipedia
有限責任（ゆうげんせきにん）とは、ある事業体についてその帰属主体や出資者・拠出者などが限定された範囲の財産（例えば出資した財産）でのみ責任を負うことをいう。,wikipedia,wikipedia
ここでは生徒が何をどのように学んでいるかを発言できる。,wikipedia,wikipedia
1814年のキール条約、モス条約までの一連の流れにより、ノルウェーはスウェーデンの同君連合となった。,wikipedia,wikipedia
スタンフォード大学経済学博士。,wikipedia,wikipedia
柳 明桓（ユ・ミョンファン、1946年4月8日 - ）は、大韓民国の外交官、政治家。,wikipedia,wikipedia
戦術行動マップでは、小隊の隊長機を操作ユニットとして使用し、それ以外はAIによる自律行動になる。,wikipedia,wikipedia
このヌーベル・ジムIIIはジェネレーターがより強力なものに変更され、それに伴い胸部の排気ダクトも増設されており、パワードジム、ネロのように4つある。,wikipedia,wikipedia
学校法人近藤学園によって2003年（平成15年）4月に創立された。,wikipedia,wikipedia
特に京都伏見稲荷では門前の名物になっている。,wikipedia,wikipedia
理工学部においては、主としてバイオサイエンス学科の講義を担当した。,wikipedia,wikipedia
1890年7月15日、彼は法律の学位を取得した。,wikipedia,wikipedia
これはスペイン史上最高額の救済要請であった。,wikipedia,wikipedia
重賞初制覇をGIで達成した。,wikipedia,wikipedia
その後、1953年（昭和28年）に麒次郎自身が戦時中に書いていたとされる自伝が刊行されている。,wikipedia,wikipedia
例えば、天王星は海王星よりも体積が大きいが、質量は小さい。,wikipedia,wikipedia
アニメ映画に関しては、前身の『水曜ロードショー』時代から放送されていたが、日本テレビが独占放映権を持つスタジオジブリ作品はとりわけ定期的に放映されている。,wikipedia,wikipedia
アロサウルスの尾椎にあった刺創の治癒痕にステゴサウルスのサゴマイザーがフィットしたとされた。,wikipedia,wikipedia
ヨーロッパの古城風の建物は「ワイン城」と呼ばれて観光客が訪れて人気となり、計画通りに償還することができた。,wikipedia,wikipedia
人口は徳島市による推計（2011年6月）。,wikipedia,wikipedia
1846年に父がモンスのオルガニストに選任され、ロレはジュール・ドニューフの下で音楽の勉強を継続することになった。,wikipedia,wikipedia
この結果、ザイヤーン朝の建国者、ヤグムラーサン・イブン・ザイヤーンもハフス朝の支配下に入り、モロッコのマリーン朝やグラナダのナスル朝もハフス朝の宗主権を認めた。,wikipedia,wikipedia
テルトゥリアヌスは、当初たった2つの党派、冬を祭る白チームと夏に捧げられた赤チームしかなかった、という説に異を唱え、3世紀初頭頃、彼は赤チームは軍神マルスに、白チームは西風の神ゼフィロスに、緑チームは母なる大地もしくは春に、青チームは空と海もしくは秋に献じられていると書いている（『見世物について』9章5節）。,wikipedia,wikipedia
IPC出版物のバトル・ピクチャー・ウィークリーのキャラクター「ジョニー・レッド」は、ドイツのエース・パイロットに狙われた政治委員を助け出しレーニン勲章を授与された。,wikipedia,wikipedia
独立栄養生物（autotroph）の逆。,wikipedia,wikipedia
かじき座AB星(AB Doradus)は、かじき座の方向、太陽系から約49光年離れた場所にある、四重連星系である。,wikipedia,wikipedia
チャイコフスキーは友人であるルビンシテインの言葉に従わず、この非難の後、セルゲイ・タネーエフへの献呈を目して作曲を進め、オーケストレーションが完成した後で、ドイツ人ピアニスト・指揮者のハンス・フォン・ビューローへ献呈した。,wikipedia,wikipedia
ミュージカルでの俳優は鈴木省吾。,wikipedia,wikipedia
白鳥町最後の町長は野島征夫で、2001年4月の議員定数は16人、一般職職員数は202人であった。,wikipedia,wikipedia
この作品から再放送枠が組まれ、制作はフジテレビが外れ、日本アニメーションのみになった。,wikipedia,wikipedia
水面下に潜ってからたった数分のうちに船首と船尾は沈降し、吐き出された重機、何トンもの石炭、内部から生じた大量の瓦礫がその後を追った。,wikipedia,wikipedia
ちなみに、クロスネット局のTBCやRCC向けは原則としてデーゲーム・ナイターともにABCとのネットを継続するため、MBSの中継が流れることはないが、2014年はTBCが阪神対楽天戦の土曜ナイターで、ABC-QR-NRNが本番カードにしていながら、例外的にMBSからネット受けした。,wikipedia,wikipedia
ナボニドゥスの経歴は明らかではない。,wikipedia,wikipedia
高等職業人教育を通じて優秀な人材を輩出し社会に貢献することをミッションとして、実学教育、人間教育、国際教育の理念のもと、業界、学生・保護者、高等学校、地域から信頼される学校を目指す。,wikipedia,wikipedia
その後、基次郎の死の前年の1931年（昭和6年）5月15日に武蔵野書院より刊行の作品集『檸檬』に収録された。,wikipedia,wikipedia
これにより複素数に対するエレガントで有用な無限大の概念がえられ、これは実際に有理型函数の理論の全容をリーマン球面へ引き写すものになっている。,wikipedia,wikipedia
高校1年（21期生の入学試験）のときには不合格だったが、翌年2度目の試験で合格し、22期生として競馬学校に入学した。,wikipedia,wikipedia
"元 ""C""′ は ""w"" が ""W"" の上を亘るとき、ヘッケ環 ""H"" の基底を成す。",wikipedia,wikipedia
第三者が管理するウェブサイト等のコンピュータ内情報の改竄を行うためには、それらの情報へのアクセスに必要な管理権限を奪う必要がある。,wikipedia,wikipedia
野口聡一は秋山豊寛に次ぎ、ソユーズで打ち上げられた2人目の日本人となった。,wikipedia,wikipedia
大西洋、アフリカ、インド洋、オーストララシア、太平洋、南アメリカを通過する。,wikipedia,wikipedia
本格派の大型右腕でアマチュアでの実績も十分、大きく期待されたがプロでは大成せず1979年に引退した。,wikipedia,wikipedia
下表の一番目の列は、子音のつかない母音のみの音節を表すのに使われる。,wikipedia,wikipedia
東京府立四中、旧制一高卒業。,wikipedia,wikipedia
なお、Windows 8およびWindows RTで利用できるWinRT APIを使用したWindowsストアアプリでは、.NETアプリケーションに限らずネイティブアプリケーションでもXAMLを使ってUIを構築することが可能となっている。,wikipedia,wikipedia
ジョンディア・クラシック（英: ）は毎年7月にイリノイ州シルビスのTPCディアランで開催されるPGAツアーの大会。,wikipedia,wikipedia
この実測と計画には数年の歳月と多額の資金を費やした。,wikipedia,wikipedia
その骨はわずかにしか注目されず、113年の間、ロンドンの大英博物館の棚に佇むばかりだった。,wikipedia,wikipedia
すぐ近くには別に志和古稲荷神社も鎮座する。,wikipedia,wikipedia
"1863年にオーストリアの主導で開催されたドイツ諸侯会議には出席の意思を強めていたが、ビスマルクの説得を受け入れて断念した（→""ドイツ諸侯会議出席問題""）。",wikipedia,wikipedia
島には高等学校がなく、中学校を卒業した子供たちは島外へ進学する。,wikipedia,wikipedia
九月頃、公式サイトのアドレスに『ura』を加えると出現した裏ページ。,wikipedia,wikipedia
攻略作戦は順調に進み、3月31日朝になるとクリスマス島守備隊は白旗を掲げた。,wikipedia,wikipedia
1939年の解散後はすべて日本発送電へと継承され、1951年（昭和26年）の「電力再編成」に際しては関西電力・中部電力・北陸電力の3社へと分割して引き継がれている。,wikipedia,wikipedia
しかもようやくピーターマリッツバーグへ到着すると、たいした理由もなく呼び戻されたことが判明したのである。,wikipedia,wikipedia
3日目の7月1日は『R』73話〜88話の一挙放送を、4日目の7月2日は本作品1-12話の一挙放送を、5日目の7月3日は本作品13-24話の一挙放送を行い、最終日となる6日目は第25話を配信した。,wikipedia,wikipedia
和人など周囲のモンゴロイドと比較して、北海道アイヌは次のような特徴をもつ。,wikipedia,wikipedia
最初の集会は病院の一室で17名からはじまったが、その後タイ全国に広まった。,wikipedia,wikipedia
核店舗に次ぐ規模として「ケーズデンキ」、「スポーツデポ」が入居するほか、約165の専門店がそれぞれ入居している。,wikipedia,wikipedia
9月1日のニューヨーク・ヤンキース戦でメジャーデビュー。,wikipedia,wikipedia
澁澤龍彦と都筑の編集と解説による『大坪砂男全集』全2巻（薔薇十字社）がある。,wikipedia,wikipedia
北側の山麓に多田寺があり修験の山、信仰の山として栄えた。,wikipedia,wikipedia
正確なキック、華麗なランをはじめとする優れた個人技と、高い状況判断能力を武器に活躍。,wikipedia,wikipedia
またグラビアでは「マニア倶楽部」のようなSM雑誌や、制服もののオムニバス写真集などにも登場した。,wikipedia,wikipedia
『孤独のグルメ』の主人公、井之頭五郎は入る店に悩む、注文に迷い頼み過ぎるなどで、違和感を覚えながら店を出る事もある。,wikipedia,wikipedia
」と自身のブログで語っている。,wikipedia,wikipedia
その後は半給待遇となり、1日当たり2シリング6ペンスが支給された。,wikipedia,wikipedia
水星社から発刊された楽譜集「みんなのうた・2」には映像の一部が掲載されている。,wikipedia,wikipedia
それ以外の作品については別途記載する。,wikipedia,wikipedia
カポン郡はタイ南部パンガー県の郡の一つ。,wikipedia,wikipedia
なおライブで使用されるトラックは、CD収録の音源と一部アレンジが異なる。,wikipedia,wikipedia
比志島氏の嫡流である。,wikipedia,wikipedia
そればかりではなく、1907年（明治40年）頃からは、田中智學の日蓮主義運動に共鳴し、智學が「国柱会」を組織すると、初代の京都局長として力を尽くす。,wikipedia,wikipedia
また、サイドのエアロパーツはフェラーリのF2008ような形をしている。,wikipedia,wikipedia
2006年（平成18年）3月に長年に渡って親しまれた「赤いカード」に代わり、社内公募によって決定された「エポスカード」(EPOS CARD) を新ブランド名として採用。,wikipedia,wikipedia
同じく江戸城下の治安を預かる町奉行が役方（文官）であり、その部下である町与力や町同心とは対照的に、御先手組は番方であり、その部下である組与力・組同心の取り締まり方は極めて荒っぽく、江戸の民衆から恐れられたという。,wikipedia,wikipedia
一時、大林かおると事務所を共有、お互い執筆活動に励んでいた。,wikipedia,wikipedia
"その性能は2.96kgの砲弾を仰角45度で22,000m、仰角85度で9,000mの高さまで届かせることが出来た。",wikipedia,wikipedia
2学年後輩にカレン・ロバートがいた。,wikipedia,wikipedia
元々はカナダの企業QNXソフトウェアシステムズが開発していたが、同社は後にリサーチ・イン・モーション（現ブラックベリー）が取得した。,wikipedia,wikipedia
歯質が陥入してエナメル質で囲まれた部位には、しばしば歯牙腫瘍組織、石灰化した組織、食物残渣などが認められる。,wikipedia,wikipedia
希望者に対して必要な代替地自体が十分に確保できなかったために移転先の耕地面積が移転前よりも却って減少するなど、問題がないわけではなかったが、相場以上の土地の買い取り価格と手厚い補償が提示された結果、9割の地主が一定の理解を示し移転に応じる形となった。,wikipedia,wikipedia
1-形式の場合からはじめる。,wikipedia,wikipedia
日野・レインボーⅡ (SKG-KR290J1) が2台在籍。,wikipedia,wikipedia
越谷市によって遊歩道などの整備が実施されている。,wikipedia,wikipedia
二つ目の種類は、Klarälvサケで、主にクラール川に産卵する。,wikipedia,wikipedia
また、内閣総理大臣は、この法律及びこれに基づく命令の規定による事務の実施に関して地域間の均衡を図るため特に必要があると認めるときは、都道府県知事に対し、28条1項の勧告若しくは同条3項の規定による命令又は29条2項の規定による公益認定の取消しその他の措置を行うべきことを指示することができる。,wikipedia,wikipedia
砂澤ビッキ自身は、北海道アイヌ協会、北海道教職員組合、北海道新聞と、しばしば対立的な立場を取っていた。,wikipedia,wikipedia
カフェイン程度の依存性がある。,wikipedia,wikipedia
具体的には、「一定の期間を定め、適法な生業や業務に従事すること（同条第1号）」「集会の妨害行為に対する中止（同条第2号）」「他人の業務行為に対する干渉の中止（同条第3号）」を記載した予戒命令書が違反者に対して交付される手続きをとった。,wikipedia,wikipedia
Mi-17-1Vは、30名の空挺兵を輸送・降下させることができた。,wikipedia,wikipedia
後の埋葬様式ではクルガンに代わり積石が築かれた。,wikipedia,wikipedia
大人向けの店舗。,wikipedia,wikipedia
また、イエス・キリストに祈りを捧げるようになり、安息日にあたる日曜日には侍女達には働かなくてもいいと言ったという。,wikipedia,wikipedia
自らに負わされた過酷な運命を誰にも語ることなく、『シン』（=ジェクト）との決戦に挑んだティーダは、戦いの中で父ジェクトと完全に和解する。,wikipedia,wikipedia
※名前は全てオープニングテロップに準拠。,wikipedia,wikipedia
中田港（なかたこう）は、熊本県天草市新和町にある地方港湾。,wikipedia,wikipedia
250km程東にヌクマヌ環礁やオントンジャワ環礁が、160kmほど西にが存在する。,wikipedia,wikipedia
「藤沢に縁ある文人たち」「湘南湮沈伝」「藤亭札記」「畊餘塾の諸先生」「毛利竹坡について」「渡辺伝七翁小伝」などの成果は、藤沢市図書館発行の「わが住む里」に発表された。,wikipedia,wikipedia
。,wikipedia,wikipedia
ガンベットラ（）は、イタリア共和国エミリア＝ロマーニャ州フォルリ＝チェゼーナ県にある、人口約1万人の基礎自治体（コムーネ）。,wikipedia,wikipedia
最初の旗は白・緑・赤のストライプに、スワラージや英貨排斥・スワデーシー（国産品愛用）の中心であった「糸車運動」に使われた、大量生産方式によって綿織物をインドにダンピングしたイギリスの機械文明に対抗する、伝統的な糸車を配したものであった。,wikipedia,wikipedia
王政復古を支持し、その後は自叙伝を書きつつ静かに暮らしたといわれる。,wikipedia,wikipedia
この方法はオオクワガタ以外にも応用されさまざまな研究により菌糸ビンは進化しながら普及していく。,wikipedia,wikipedia
純正車体は、三菱名自（大江工場）製のエアロスターMと呉羽自動車工業（→新呉羽車体工業→三菱自動車バス製造 (MBM) →現・三菱ふそうバス製造 (MFBM)）製のエアロスターKの2種類が存在する。,wikipedia,wikipedia
カール・シュルツは後にこの発言を引用して「我々の国は正しいか間違っているかのどちらかだ。,wikipedia,wikipedia
"『フェルナンド・コルテス』（""Fernando Cortez"" ）は1951年に、若き日のレナータ・テバルディを主演に、ガブリエーレ・サンティーニの指揮のもと、ナポリのサン・カルロ劇場において行われた。",wikipedia,wikipedia
日本においてもアメリカで主に開かれる世界SF大会ワールドコンの影響を強く受けた日本SF大会で1960年代末から1970年代に既にコスチューム・ショーとしてプログラムの中に取り入れられていた。,wikipedia,wikipedia
これは、様々なフライゲリヒト方言によるステージが上演される夕べのイベントである。,wikipedia,wikipedia
そこで、人体の体内で作られる次亜塩素酸を主成分とすることで、その雑菌の消毒・殺菌を行う。,wikipedia,wikipedia
「ブロードキャスター」は2008年9月に終了したが、原山の出演は8月までだった（9月は事件簿を別の番組スタッフが担当）。,wikipedia,wikipedia
料金を徴収する潮干狩り場によっては、人の手で貝を蒔いている所もある。,wikipedia,wikipedia
広義での従属国はなんらかの従属関係を宗主国と結んでいるものをいうが、従属関係は一律ではなく、さまざまな関係がみられる。,wikipedia,wikipedia
高名なチェコの作曲家、アントニン・ドヴォルザークは、1892年から1895年にかけてアメリカを訪れた際に、アメリカのクラシック音楽は、ヨーロッパの作曲家の模倣に代わる新たな独自のモデルが必要だと繰り返し語り、その後の作曲家がアメリカ独自のクラシック音楽を作るきっかけとなった。,wikipedia,wikipedia
ヘルフォルトのハンザ通りに本部を構えるヘルフォルト教会クライスは約13万人の信者を擁している。,wikipedia,wikipedia
第12話「サボテン地獄の赤い花」に登場。,wikipedia,wikipedia
キツネ一頭を捕まえるごとに大きなステーキを一枚プレゼントという特典に脱兎のごとく飛び出す猟犬たちに対して、「僕ね、あわてるの嫌いさ」と余裕綽々のドルーピーはのろのろと出て行く。,wikipedia,wikipedia
Debian 6.0（コードネーム; squeeze）などではこの方法を採用している。,wikipedia,wikipedia
現役選手として現在最多勝利数を誇るのはスイスのブルーノ・リシで47勝だが、リシは1968年生まれであり、恐らくそう長くは現役を続けられないというように考えると、セルキュの88勝という記録を更新する選手は恐らくしばらくは出現しないだろうと見られる。,wikipedia,wikipedia
隣保同盟はシキュオンの僭主クレイステネスを司令官とし、アテナイのソロンをその助言者として迎えた。,wikipedia,wikipedia
日本でも幕末から明治維新にかけて、軍事的な必要から旧来の本草学から近代的な製造医学へと転換が模索され、1874年に大学東校に製薬学科が設置された。,wikipedia,wikipedia
旗は、青 - 白である。,wikipedia,wikipedia
また規模の点において、ヤマトと吉備の支配地域の古墳が全国第45位までを占めており、ヤマト政権と吉備政権の盛強を物語る。,wikipedia,wikipedia
1984年、情報処理システム技術委員会はSC 16からSC 21にOSIの標準化を引き継がせ、1985年に応用層の新プロトコルを標準化項目に追加した。,wikipedia,wikipedia
ただし、末端の諜報員までを含めると、その数は数倍になるともいわれるが、正確な人数は把握されていない。,wikipedia,wikipedia
『薔薇架刑』（そうびかけい）は、ALI PROJECTの4枚目のベストアルバム。,wikipedia,wikipedia
ARTグランプリに加わるためF3・ユーロシリーズ最終戦を見送り、アブダビのヤス・マリーナ・サーキットで行われたGP2・アジアシリーズのテストに参加した。,wikipedia,wikipedia
ガームパン・ウェーチャチーワ（タイ語：งามพรรณ เวชชาชีวะ、英語：Ngarmpun Vejjajiva、1963年1月27日- ）は、タイの小説家および翻訳家。,wikipedia,wikipedia
新たに植民地となったのはカナダとミシシッピ川とアパラチア山脈の間に位置する、アメリカのルイジアナの東半分であった。,wikipedia,wikipedia
種類は主に、コッペパンタイプ・ツイストタイプ・ロールパン・正四角形のパンが存在。,wikipedia,wikipedia
2010年の賞金総額は、イギリスやヨーロッパで行われた他のPDC ProTourに属するトーナメントと同じである。,wikipedia,wikipedia
10月に創作集『真珠』（「古都」「孤独閑談」など所収）を刊行したが、「孤独閑談」の一部の表現が時局に合わないとして再版を禁じられた。,wikipedia,wikipedia
19世紀に入ると、蒸気船が登場し、さらにスクリューが発明されて推進力が大きく向上した。,wikipedia,wikipedia
農地は森に覆われて家畜は野生に帰り、道路や町には草が茂り、忌まわしいロンドンは湖や有毒の沼地と化している。,wikipedia,wikipedia
南東を流れる白川を外堀に見立て、これに合流していた坪井川・井芹川を切り離して内堀としているため城内にある水堀は飯田丸の西にある備前堀1つのみである。,wikipedia,wikipedia
これによってか、慶長7年（1602年）に佐竹義宣と入れ替わる形で父祖伝来の土地である秋田から常陸へと領替えを命じられた。,wikipedia,wikipedia
昭和初期まで当社の宮司であった斎藤守高は、俗に「面芝居」ともいう神楽の元締で、芸名を「中村縫之助」といった。,wikipedia,wikipedia
レギュラー陣は、全て筋肉芸人最終テストの合格者だった。,wikipedia,wikipedia
アルゴ座はあまりに巨大すぎたため、1922年に国際天文学連合が現在の88星座を定めた際に3つに分割された。,wikipedia,wikipedia
東京高等造園学校出身。,wikipedia,wikipedia
ルスタム・カシムジャノフ(Rustam Kasimdzhanov、、1979年12月5日-)は、ウクライナ人のチェスのグランドマスターである。,wikipedia,wikipedia
「アメフトはビビらした方が勝ち」を信条とし、彼の悪魔的な容姿、言動は相手を威嚇するためのものである。,wikipedia,wikipedia
百田 留衣（ももた るい、1978年7月25日 - ）は、日本のミュージシャン、作詞家、作曲家、編曲家、音楽プロデューサー。,wikipedia,wikipedia
中田 武雄（なかた たけお、1918年 - 2007年8月19日）は、日本の政治家。,wikipedia,wikipedia
2008年2月29日、KC-30T案をKC-45として採用することを、国防総省が発表し、KC-767ATは脱落した。,wikipedia,wikipedia
ホランド卿はトーリー党自由主義勢力（特に第3代パーマストン子爵ヘンリー・ジョン・テンプル）に注目し、彼らをホイッグ党に引き込むことに腐心した。,wikipedia,wikipedia
ペイル以外のアイルランドでヒベルノ・ノルマン人貴族はアイルランド語とその風俗を取り入れていた。,wikipedia,wikipedia
内陣の後方から左右両側にかけて外陣が設けられている。,wikipedia,wikipedia
名称は、一般公募により決定し、戦前における安城市の異名「日本デンマーク」と公園を意味する英語「パーク」に由来するが、「デン」には「田園」や「伝統」の意も込められている。,wikipedia,wikipedia
ビン一家が住んでいた周辺はバスケットボールが盛んであり、かのエルジン・ベイラーを輩出した土地でもあった。,wikipedia,wikipedia
各車のブレーキ作用装置は保安ブレーキ装置と一体箱構成（電動車のみブレーキ受信装置内蔵型）とされており、各台車単位でブレーキ制御が行われる。,wikipedia,wikipedia
この時期、1960年代に始まった日本の原発反対運動は新たな高揚を迎え、1988年4月の「原発とめよう！1万人行動」がその頂点を成した。,wikipedia,wikipedia
旧支社に引き続き、北海道総局は札幌、旭川、釧路、青函、九州総局は門司、熊本、鹿児島、大分の各鉄道管理局を総括した。,wikipedia,wikipedia
当事者は必ずしも申請人とは限らない。,wikipedia,wikipedia
リリース当初は全く話題にならず、オリコンチャートなどのランキングには一切ランクインしていなかったが、1988年に「乾杯」がヒットした際の再リリース盤では、オリコンチャートで最高位53位を記録している。,wikipedia,wikipedia
1988年、白泉社の少女漫画雑誌「花とゆめ」の19、21、23号に連載された。,wikipedia,wikipedia
砲身は単肉自緊砲身、閉鎖機は螺子式である。,wikipedia,wikipedia
新芽は2枚の葉からなり、長い葉が枝を支える役割を果たし、短い葉が葉の大部分を担う。,wikipedia,wikipedia
廟内は、劇台、廂房（現存しない）、正殿の順番で配置されている。,wikipedia,wikipedia
第21集団軍の前身は、新四軍第2師と第4師である。,wikipedia,wikipedia
2008年4月17日にドイツのニュルブルクリンクにて7分29秒3という当時の市販車最速タイムを記録し、さらに2009年4月23日には7分26秒70まで記録を更新した。,wikipedia,wikipedia
メニルモンタン（Ménilmontant）は、フランスの首都パリの20区にある地域。,wikipedia,wikipedia
彼は溶融塩の電気分解によって非常に反応性の高いアルカリ金属であるナトリウムやカリウムといった新たな金属を発見。,wikipedia,wikipedia
以前は、商業学校、工業学校、自動車学校等を設置し、手に職を重視する実業学校の母体としての性質を有していた歴史がある。,wikipedia,wikipedia
外来生物法にもとづいて要注意外来生物に指定されているほか、日本生態学会によって日本の侵略的外来種ワースト100に選定されている。,wikipedia,wikipedia
2017年より、ホークスのジュニアスクールのスタッフを務める。,wikipedia,wikipedia
その後国務省を離れ、 プリンストン大学の公共政策大学院であるにフェローとして招聘され、1970年途中まで1年間研究に従事した。,wikipedia,wikipedia
第1部の再現が現れ再び高まっていくと、ファエトンはゼウスの逆鱗に触れ、雷に打たれて絶命する。,wikipedia,wikipedia
花期はふつう4月末-5月。,wikipedia,wikipedia
中盤以降は屋上に行けるようになり、階数+1フロア分を移動できる。,wikipedia,wikipedia
その付近よりさぬき市と木田郡三木町の境界線ともなっている。,wikipedia,wikipedia
これはヤギだけでなく反芻動物では一般的に言えることである。,wikipedia,wikipedia
中央環境審議会令により、委員の定員は30名以内で組織され、その任期は2年間と定められる。,wikipedia,wikipedia
また、LASEKやLASIKなどの視力回復手術の後には、通常ならば不快とならないような光環境下でグレアが発生する。,wikipedia,wikipedia
元江戸川区議会議員（5期）。,wikipedia,wikipedia
仕事は自信を持って精力的にこなすが、それ以外のときは主人のそばや自分の居場所に大人しく座っている。,wikipedia,wikipedia
この件に加えて、デジキューブ設立に絡み任天堂と絶縁状態になり、当時の山内社長に携帯ゲーム業界でのソフトリリースを「死んでもさせるつもりはない」とまで言われて断られるほど険悪な関係に陥った。,wikipedia,wikipedia
同志社大学の学生によって構成されている。,wikipedia,wikipedia
ロカビリースタイルではあるが、そこだけにこだわらずPOPな要素を重視している。,wikipedia,wikipedia
結局、2歳時は35戦も出走しながら条件戦5勝と、その労力に比べて冴えない戦績に終わった。,wikipedia,wikipedia
教会建築に不可欠な部分である照明器具は、レイヴィスカ自身によってなされてきている。,wikipedia,wikipedia
自動誘導方式としては最初に開発されたものであり、同時期に用いられていた手動指令照準線一致誘導方式(MCLOS)より優れていた。,wikipedia,wikipedia
優秀な霊媒が窮地に陥ったことを知ったスピリチュアリストたちは急いで資金をつのり、証人と証言を集め、新聞でキャンペーンを張った。,wikipedia,wikipedia
自動的に自転車の施錠・開錠を行う認証システムを用いている。,wikipedia,wikipedia
本製品では樹脂製ながらもフロントのデュアルショック化を図り、またアンチロールバーも前後標準装備とすることで、サスアーム本来の性能を発揮できるよう工夫されている。,wikipedia,wikipedia
金管楽器（チューバから繰り出される音を含む）と木管楽器の要素を組み合わせ、大きくゆったりとしているが元気いっぱいの幼児の感覚を伝えている。,wikipedia,wikipedia
これにより無意識のうちに、迅速な意思決定を行い、さまざまな状況や異なる人々と効率的かつ適切に行動する助けになるからである。,wikipedia,wikipedia
5年（1059年）、南京統軍使に転じた。,wikipedia,wikipedia
この屋敷にいんねんあり。,wikipedia,wikipedia
アラスカ州の郡としては最小の面積である。,wikipedia,wikipedia
本署は浦和区常盤6丁目に位置し、日の出・木崎の2出張所がある。,wikipedia,wikipedia
このときの一行の中に博士は同行していなかったらしく、同年11月になってから刑部真木とともに帰朝し、昇叙されている。,wikipedia,wikipedia
"本格的に映画への連続的出演が始まるのは、1966年（昭和41年）に公開されたアルマンド・クリスピーノおよびルチアーノ・ルチニャーニ両監督による映画 """" （日本未公開）以降である。",wikipedia,wikipedia
Secure Hash Algorithm（セキュアハッシュアルゴリズム）、略称SHAは、一群の関連した暗号学的ハッシュ関数であり、アメリカ国立標準技術研究所（NIST）によって標準のハッシュ関数Secure Hash Standardに指定されている。,wikipedia,wikipedia
以後、11回の当選を重ねた。,wikipedia,wikipedia
彼女は「ティーン・エンジェル」、「マスネット」、主に子供向けテレビ番組の制作をしているセサミ・ワークショップの番組「スクエア・ワン」にもゲスト出演している。,wikipedia,wikipedia
原虎胤の系統は弟の重胤の家系が続いている。,wikipedia,wikipedia
"卒業生の雇用度も高く、2015年、THEの ""Gloabl Employability University Ranking""の中でも55位に位置付けられている。",wikipedia,wikipedia
他のヌマエビ類と同様に食用や肥料に利用されるが、産業における重要度はそれほどではなかった。,wikipedia,wikipedia
圓山と号し、居号を鶴鳴堂・薛蘿館とした。,wikipedia,wikipedia
前「ひと」編集委員。,wikipedia,wikipedia
『ローリング・ストーン誌が選ぶオールタイム・ベストアルバム500』に於いて、218位にランクイン。,wikipedia,wikipedia
この段階ではニュースアプリである旨は明かされず、ソースコードにコメントアウトで記された謎の日記風の文章が話題となった。,wikipedia,wikipedia
2004年から母校の早稲田大学商学部非常勤講師、2010年から桐朋学園大学音楽部特任教授。,wikipedia,wikipedia
1979-80シーズンにはディ・ステファノが監督に復帰し、UEFAカップウィナーズカップ決勝ではアーセナルFC（イングランド）をPK戦の末に破って優勝した。,wikipedia,wikipedia
その斥候は自分が捕まったことをシャーバーンに報せることを許された。,wikipedia,wikipedia
ルクセンブルクより、大十字章（Grand-Croix de l'Ordre de Merite）受章。,wikipedia,wikipedia
最大の出資団体であるアナハイム社はメラニー・ヒュー・カーバイン会長の意向をウォン・リーが反映するという形でエゥーゴを内部からコントロールする。,wikipedia,wikipedia
学生の頃からフリーランスとして、特殊造形・空間美術・グラフィックデザイン・アートディレクションを中心に活動。,wikipedia,wikipedia
奥室の前にある前室は長さ2.2m・幅1.4mである。,wikipedia,wikipedia
平成24年（2012年）4月創刊。,wikipedia,wikipedia
この時、「のどかな熱気球のたび」と「海図を広げて」が別トラックになった。,wikipedia,wikipedia
ジェーンは、「レノン＝マッカートニー」作としてクレジットされているこの時期の代表曲、『オール・マイ・ラヴィング』、『アンド・アイ・ラヴ・ハー』、『君はいずこへ』、『ユー・ウォント・シー・ミー』、『恋を抱きしめよう』、『ヒア・ゼア・アンド・エヴリホエア』、『フォー・ノー・ワン』のような、一連のポール自身が作曲したビートルズ音楽に非常な影響を与えた。,wikipedia,wikipedia
ハイブリッド車は非ハイブリッド車（ガソリン車）と共通のグレード体系とし、「HYBRID F」・「HYBRID Jewela」・「HYBRID U」が設定され、「HYBRID U」には「Sportyパッケージ」も設定される。,wikipedia,wikipedia
11月3日にFAとなった。,wikipedia,wikipedia
プラハ出身。,wikipedia,wikipedia
大阪国際空港の廃止には、既存空港施設撤去に要する莫大な費用・時間、代替空港となる関西国際空港のアクセス面等の不安、大阪国際空港閉鎖による北大阪経済への打撃、新幹線・中央新幹線への対抗交通手段確保の必要性、さらに、航空利用者の利便性確保などの問題があり、現実的ではないとの指摘もある。,wikipedia,wikipedia
幅広い表現力を持ったインプロヴァイザーとして、音楽シーンをリードしてきたジャズ・ピアニストであり、また温かく心に響くメロディーを創造する作曲家としても評価が高い。,wikipedia,wikipedia
肖柏が一条兼良や宗祇の源氏物語についての講釈を聞いてまとめた著書『源氏聞書』の影響が大きい。,wikipedia,wikipedia
合わせて作者本人のコミック企画『東京ESP×喰霊 -SHADOW WALKER-』についても発表されており、コミックウォーカーにて2014年3月28日配信分より毎月連載開始された。,wikipedia,wikipedia
"サーヴィンはこの組織から5,000ドルの為替を受け取ったとしている。",wikipedia,wikipedia
万博についても同じであり、万博後に不況となる確率が高いのは日本のみである」と指摘している。,wikipedia,wikipedia
ジョージズバンクとは異なり、当該グレーゾーン海域には石油・鉱物資源は全く存在しないか、たとえ存在してもごくわずかだとみられているが、代わりに高価なロブスターが獲れる。,wikipedia,wikipedia
抽象絵画が全盛となった第二次世界大戦後の美術界において、具象絵画にこだわり続けた。,wikipedia,wikipedia
可視的自然の創造以前に創造された天使の世界に悪の起源があるというのである。,wikipedia,wikipedia
1943年に国立モスクワ舞踊学校を卒業し、ボリショイ・バレエに入団した。,wikipedia,wikipedia
その直後に、救援隊が駆けつけて朝鮮人たちを実力で排除した。,wikipedia,wikipedia
"TI-99/4Aは1979年に1,150ドルでリリースされたTI-99/4の拡張版。",wikipedia,wikipedia
」「もちろん発展し続けます。,wikipedia,wikipedia
菅原高視の子孫を称した清岡惟泰（1548年 - 1607年）を祖とする。,wikipedia,wikipedia
やがて、捜査線上に共同経営者を殺害し、亀井に逮捕されたことのある元バーの経営者後藤正也と、手製の銃器を使って女性を無差別に襲撃し、後藤と同様亀井に逮捕されていた原勝一という男が浮かび上がる。,wikipedia,wikipedia
援助物資のほか、CH-47JAヘリコプター3機、UH-60JAヘリコプター2機を輸送し、海上基地としても利用された。,wikipedia,wikipedia
北大西洋及び地中海の砂質や土質の海底に棲息し、自ら土に半分潜り込んで生活する。,wikipedia,wikipedia
本書の続編として、主人公アベル・ロスノフスキの娘フロレンティナを主人公に、彼女がアメリカ大統領の座を目指す長編『ロスノフスキ家の娘』（1982年）があり、フロレンティナの幼少時から描かれる前半部は、『ケインとアベル』の物語を別視点からなぞる構成になっている。,wikipedia,wikipedia
海洋も遠浅の海が広がり、国立公園内では最深部でも5m の深さしかない。,wikipedia,wikipedia
陽朔2年（前23年）、父の定陶恭王劉康が薨去したため3歳で王位を継承した。,wikipedia,wikipedia
1933年、中田重治の特殊な再臨信仰の指導のために、信仰上同調出来なくなった聖書学院の五教授（車田秋次、米田豊、小原十三司、菅野鋭、一宮政吉）は、中田監督側と委員側（五教授の立場を支持する）に分かれて対立した。,wikipedia,wikipedia
※系譜は『氏集』、『沖縄県姓氏家系大辞典』から。,wikipedia,wikipedia
数日後、ピエトリは長距離界にデビューし、ボローニャで行われた3000mで2位に入る活躍をしている。,wikipedia,wikipedia
2重2階で、初重を瓦葺き、2重目を杉皮葺きとする寄棟屋根（現在2重目は銅板葺き）を被せ、紅い漆喰塗りの真壁造で、最上階を雨戸付きの内縁高欄の望楼としている。,wikipedia,wikipedia
櫻宮付近の大川両岸は江戸時代から桜の名所であったが、1885年（明治18年）の淀川大洪水で東岸の桜が大打撃を受けて以降、西岸の桜、とりわけ造幣局の桜が有名になった。,wikipedia,wikipedia
自社所有になるものはいずれもタンク機で、形式は車軸配置1B1を1、1Bを2、1C1を3とした。,wikipedia,wikipedia
星章は金線繍および黄絹繍ないし黄絨で、茶褐絨の台地が付された。,wikipedia,wikipedia
血液型A型。,wikipedia,wikipedia
そのことを不審に思ったブラウンは調査を行い、その結果、「K40506A」をGoogle検索すると、彼らが観測に使ってきたCTIO/SMARTS望遠鏡の観測記録にたどり着けることに気付いた。,wikipedia,wikipedia
アクションがチノに近付こうとするがマリアはこれを制し、チノから拳銃を取り上げ、ジェッツやシャークスの面々に銃口を向け「みんなが彼を殺したのよ。,wikipedia,wikipedia
天候の良い日はレマン湖の対岸にモンブラン山群の眺望を得ることができる。,wikipedia,wikipedia
聞こえる音の大きさの範囲は幅広い。,wikipedia,wikipedia
黄道帯機構（Organization of the Zodiac）の略称。,wikipedia,wikipedia
藤成新田開発当時、八事丘陵の裾野にあった5軒の集落があったことによるという。,wikipedia,wikipedia
特殊刑事課はこのような劣勢を両津の勢いでカバーしつつ犯人を確保せざるを得ないため、ある程度は強いものの、部品調達が困難な状況から継戦能力は限定的なものであるとみなされている。,wikipedia,wikipedia
ソ連東欧貿易会会長も務めた。,wikipedia,wikipedia
『原初年代記』には、1107年に、ルーシの連合軍が壊走するポロヴェツ族に追撃を加え、勝利したことが記されている。,wikipedia,wikipedia
オフィシャルホテル - パーク間は、ホテル - ベイサイド・ステーションのリゾートクルーザーとリゾートラインの乗り継ぎが原則となった。,wikipedia,wikipedia
現在の灯台は多くがコンクリート製だが、木造や石造、煉瓦造、鉄造のものも見られる。,wikipedia,wikipedia
その傍ら、料理研究家としても執筆・TV番組出演・料理教室開催など、精力的に活動を行っている。,wikipedia,wikipedia
ステッピングモータを採用しているレンズは、モデル名に「STM」が使用される。,wikipedia,wikipedia
トワイニングは軍人一家の出身であった。,wikipedia,wikipedia
7月30日、第8軍は唯一の予備兵力として漆谷郡に集結していた第27連隊を馬山に投入することを決定した。,wikipedia,wikipedia
投資資金を回収できず失う可能性が高いため、ハイイールド債は投資に精通したプロ向きの債券と言える。,wikipedia,wikipedia
ヒップホップに多いBeef（抗争の意）の風潮を嫌っている。,wikipedia,wikipedia
これ以後はテレビ東京系全国同時ネットで放送されるようになった。,wikipedia,wikipedia
1993年にはソロ2作目となるThe Magic Infinity も発売されると、輸入盤CD店での人気が高まり、1994年には日本国内でのデビューを果たすと、プロモーションとして国内主要都市6ヶ所でピアノの弾き語りを中心としたイベントを開催。,wikipedia,wikipedia
また、ターボファンエンジンは（コンプレッサーをバイパスした空気噴流は燃焼されないため、当然の話ではあるが）排気に含まれる酸素量が大きく、アフターバーナーによる出力増大効果が大きい。,wikipedia,wikipedia
また、展性に富むため容易にごく薄い箔に加工でき、箔となった後も柔軟なため折り曲げられてもすぐには断裂しない。,wikipedia,wikipedia
熊本県出身。,wikipedia,wikipedia
動物の行動としては外敵から逃れるためであったり、食糧の取得（果実や虫、卵、樹液等）を目的として行われる。,wikipedia,wikipedia
体は細長く、いわゆるウナギ型である。,wikipedia,wikipedia
ミリセチン、ラリシトリン、シリンゲチン等の赤いブドウにしか存在しないフラボノールは、赤ワインで見られる 。,wikipedia,wikipedia
バーゼル音楽院は弦楽器、ピアノ、フルートなどの分野が特に強いとされ、卒業生の多くがクラシック界で活躍する名門校である。,wikipedia,wikipedia
おもに後奈良天皇（105代）に仕えた。,wikipedia,wikipedia
また高角砲としては、やはりヴィッカース社の50口径7.62cm砲をオート・メラーラ社がライセンス生産した砲（Mod.1909）が採用された。,wikipedia,wikipedia
当時八戸で八戸土曜会と勢力を二分した政友会系の公民会（後の奥南派）の中心人物であった。,wikipedia,wikipedia
風見鶏（かざみどり）は、鶏をかたどった風向計。,wikipedia,wikipedia
当時の同列車には元特急用車両であるモハ5310形・クハ350形やアコモ改善工事を施工されたモハ3210形・クハ250形が主に充当されていたものの、これらはいずれも戦前製の旧型車両であり、国鉄の準急形電車と比較すると著しく見劣りする感は否めなかった。,wikipedia,wikipedia
初出走は1975年9月7日中山競馬第8競走でのヒコノクロカゲ（6着）。,wikipedia,wikipedia
これと並行して、スペインの地方自治体（ムニシピオ）を元にして、16世紀半ばに参事会（カビルド）が設置され、徐々に、摩擦をともないながらカシケの業務を肩代わりしていった。,wikipedia,wikipedia
現在では広東語の広まりによって話者は減少しており、マカオおよびマカオ外のマカオ人社会で使われている。,wikipedia,wikipedia
航空支援の付属は必要機材の上陸の妨げとなり、デ・ウィアートは火砲、対空砲、輸送車両のひどい欠如を懸念していた。,wikipedia,wikipedia
次に、リチウムや抗てんかん薬では血中濃度が中毒域に達したり重篤な皮膚症状が生じる可能性、もしくは抗精神病薬による代謝異常の監視、またすべてにおいて内臓の障害の可能性が指摘されているため、適切な監視と投薬中止に関する旨が記載されている。,wikipedia,wikipedia
1891年、劉鶚と知り合い、劉鶚の持つ亀甲獣骨文字の拓本を目にする機会を得る。,wikipedia,wikipedia
池上によると、この言葉が使われるケースは2つあり、1つは番組の流れ上、本来解説したい話題から離れてきている時に、本筋に戻せるような質問がされた時。,wikipedia,wikipedia
「」と、この頃、上帝は趙公明、鐘士季など三将軍に鬼を督し、下界の人間の命を奪わせるという妖書が流布していたという。,wikipedia,wikipedia
バスケットボール歴は約11年。,wikipedia,wikipedia
兄弟は本多昌長、毛受吉久室。,wikipedia,wikipedia
一度だけ同級生の1人が「いつも1人だから一緒に食べてあげる」と声をかけることがあると、その喜びをうれしそうに母親に話して聞かせたこともあった。,wikipedia,wikipedia
"機関は最終船の「久栄丸」を除いて川崎製のMAN型ディーゼル機関1基を搭載し、「久栄丸」のみは大阪商船の貨客船「あるぜんちな丸」（12,755トン）が搭載していた三菱MS型ディーゼル機関を転用した。",wikipedia,wikipedia
若い国王の健康に王統の危機を心配したブルボン公は翌3月に、まだ幼く子を生むことが望めないスペイン王女マリアナ・ビクトリアとの婚約解消を決定する。,wikipedia,wikipedia
14日目終了時点で3敗で大栄翔と並び優勝争いのトップだったが、千秋楽で里山に敗れ、大栄翔は勝利したため十両優勝とはならなかった。,wikipedia,wikipedia
2004年には初の絵本、「いのちのまつりヌチヌグスージ」を刊行。,wikipedia,wikipedia
面ABCと面BCDの二面角が0でない場合、直線ABと直線CDはねじれの位置にある。,wikipedia,wikipedia
武蔵野調理師専門学校（むさしのちょうりしせんもんがっこう）は、東京都豊島区南池袋3-12-5にある専門学校。,wikipedia,wikipedia
中学2年生のとき福岡市に転居する。,wikipedia,wikipedia
登録抹消を伝えられた牧田は人目もはばからず号泣した。,wikipedia,wikipedia
ハイジ・ラケルス（Heidi Rakels 1968年6月22日- ）はベルギーのルーヴェン出身の柔道選手。,wikipedia,wikipedia
しかしながら、こうして資材難を克服してようやく開始された直通運転も、空襲による車両や駅施設の被災、車両故障の続出により、1945年6月には中断を余儀なくされた。,wikipedia,wikipedia
1994年にシングル「FOREVER」発売を機に鷹橋敏輝と改名し独立する。,wikipedia,wikipedia
また、特典DVDには「Dance With Me」「Dance With You」のミュージックビデオと6thアルバム「OPERA」のティザームービーも収録。,wikipedia,wikipedia
京成・京急・都の3者での協議の結果、軌間は1435mmに決定。,wikipedia,wikipedia
マスターズを含む他のトーナメントが派手なバーディーの取り合いによるエンターテイメント性を否定せず、ミスはその後で取り返すことを許すのに対し、全米オープンは選手にひたすらパーを積み重ねることを要求し、落としたスコアを取り戻すのは困難を極める。,wikipedia,wikipedia
男性サラリーマン向け週刊誌『週刊宝石』のショートコミック枠に掲載。,wikipedia,wikipedia
1920年以降は白軍の勢力下にあり、1934年に解体された。,wikipedia,wikipedia
旧約・新約ともに、初のスロベニア語翻訳に臨んだのはプロテスタントの文筆家で神学者のユーリィ・ダルマティン（1546年 - 1589年）であった。,wikipedia,wikipedia
なお子どもが幼児で親が就労・求職中・疾病で育児ができない場合には、生活保護受給者、母子家庭は優先的に、かつ生活保護受給者は無償で保育園に入所できるため、日中は子どもの育成が公共の場で見守られている。,wikipedia,wikipedia
国友信之とは前出の江州国友の家系をくむ名門の鉄砲鍛冶であり、維新後も東京銀座に製銃所を構えていた。,wikipedia,wikipedia
→それまでは、所沢市内で唯一武道場が無い中学校であったが、完成により所沢市内全ての中学校に武道場が設置された。,wikipedia,wikipedia
しかしその実質は、自暴自棄になったユダの愛と憎しみがないまぜになって、どちらがどちらか本人すらすでに判別つかなくなり、混乱しながらも悲痛に訴えているというものである。,wikipedia,wikipedia
「cl」パッケージのcodice_17マクロは、Emacs Lispのプログラマに効率的な字句的スコープを提供している。,wikipedia,wikipedia
完成すれば、日本最大のアウトレットとなる見込み。,wikipedia,wikipedia
高さ50メートル、幅10メートルで、その規模は伊那谷随一である。,wikipedia,wikipedia
アメリカ合衆国国勢調査局に拠れば、2005年の1人当たり税額では50州の中で第41位になっている。,wikipedia,wikipedia
フランドル伯領がブルゴーニュ公国に併合された後も、獅子は盾のみであるが使用された。,wikipedia,wikipedia
武士が好んだ細かな幾何学模様で簡素で粋な印象の江戸小紋とは違い、友禅模様を基本にした色鮮やかで伸びやかな印象が持ち味である。,wikipedia,wikipedia
放送開始初期は、タモリをメイン司会とした、関根勤、ナインティナイン（岡村隆史・矢部浩之）、伊集院光（1994年4月〜1994年6月）らによるコント主体の番組であった。,wikipedia,wikipedia
音韻と綴りの上では同じだが ئى i の音価はとの間を行き来するため、実際の発音では母音調和に合わせて複数通りに聞こえる。,wikipedia,wikipedia
農業、治水に対し、さまざまな発明を行い、各務用水の開発、桑切鋏の考案も行っている。,wikipedia,wikipedia
また、ミミグロレンジャクモドキ属をレンジャク科に分類する説もある。,wikipedia,wikipedia
ストライカーが前進している場合は引き金は後退しており、引き金が引けないようになっている。,wikipedia,wikipedia
HAPPINESS（ハピネス）は、2007年10月7日から2013年9月29日までJ-WAVEで放送されていたラジオ番組。,wikipedia,wikipedia
はA級オーガスタ・グリーンジャケッツで111試合に出場し、打率.275・8本塁打・50打点・36盗塁だった。,wikipedia,wikipedia
各ページオブジェクトには固有の識別キー(uid)があり、現在のページにリンクしている。,wikipedia,wikipedia
調停2年目の選手としてはミゲル・カブレラに次いで史上2位の高額である。,wikipedia,wikipedia
1875年、横浜扇町の秋本己之助がノース＆レー商会に勤める西村甚作の助言で作った「金線サイダー」(当初は「日の出鶴」という商品名だったが1889年に改称)が発売され、1899年に登場した王冠を使用した瓶入りの製品が、日本で本格的に流通した最初のサイダーとなった。,wikipedia,wikipedia
駅伝部の総監督には東京オリンピックの3000メートル障害日本代表の横溝三郎（パナソニック女子陸上競技部顧問）、監督に大志田秀次（元中央大学陸上部コーチ）が就任した。,wikipedia,wikipedia
開発者は、そのメタデータを読み取って処理をするコードを記述する必要がある。,wikipedia,wikipedia
高岳駅（たかおかえき）は、愛知県名古屋市東区東桜二丁目にある、名古屋市営地下鉄桜通線の駅である。,wikipedia,wikipedia
"ここの郡庁所在地はw:Corydon, Iowaである。",wikipedia,wikipedia
モンカルムは、ボーポール（モンモランシー）の戦いでのイギリスの急襲の失敗を教訓として、配備を変更した。,wikipedia,wikipedia
1/2インチ（12.65 mm）テープ幅、1リールカートリッジ、大容量重視、QuantumのDLTと Magstarに良く似ている。,wikipedia,wikipedia
1995-96シーズンにはフレームスとの契約が不調でフランクフルト・ライオンズでプレーした。,wikipedia,wikipedia
モントーヤは続いてファステストラップをたたき出し、続いてピットイン、ウェバーの前でコース復帰した。,wikipedia,wikipedia
分業化が進んでいく中で、サウンドの専門家の必要性が高まり、採用に至った。,wikipedia,wikipedia
進行役は、かつてニュース映画『パラマウント・ニュース』のアナウンサーを務めた竹脇昌作が担当した。,wikipedia,wikipedia
アウステルリッツの戦いでオーストリアが敗北したことで、神聖ローマ帝国は1806年8月にナポレオン1世によって解体された。,wikipedia,wikipedia
◎は、地域間幹線系統（被災地特例系統）として、国・宮城県の補助を受ける。,wikipedia,wikipedia
荒木の作品では非対称な変形コマを多用し、ページ全体が歪んで見えるようなコマ割りがしばしば行なわれる。,wikipedia,wikipedia
ブリュンゲルはHenriの名前を受け入れて、フランスの市民権を取得した。,wikipedia,wikipedia
地球から約7万光年も離れたデルタ宇宙域にとばされたU.S.S.ヴォイジャーの保安部長として活躍した（俳優：ティム・ラス/吹替え：青山穣）。,wikipedia,wikipedia
いわゆる下等生物では小さく、高等生物は大きい傾向がある。,wikipedia,wikipedia
長江流域の江州掲揚嶺一帯を仕切る李俊の子分で、酒屋を営んでいたが、物持ちの良い客が来ると、痺れ薬を飲ませて所持品を奪い殺してしまうという追剥を行っていた。,wikipedia,wikipedia
、6月20日の対横浜DeNAベイスターズ戦で、プロ8年目での一軍デビュー。,wikipedia,wikipedia
当駅のテーマは鶴見区の区花の一つである「ハナミズキ」である。,wikipedia,wikipedia
校色は赤と黒。,wikipedia,wikipedia
出入口は4ヶ所あり、地上へのエレベーターは4番出入口への通路の途中に設置されている。,wikipedia,wikipedia
JSLの富士通、トヨタ自動車を経て1992年に清水エスパルス入団。,wikipedia,wikipedia
comico PLUSでは他誌で連載した漫画作品の再掲載も行われている。,wikipedia,wikipedia
ラジオでは唯一、ジュビロ磐田のみを扱うプログラムである。,wikipedia,wikipedia
植物が塩化水銀（アクアポリンの阻害物質）に曝された場合、水の輸送量は減るがイオンの輸送量は減らない。,wikipedia,wikipedia
医療機関等で消毒用としてエタノールと並び広く利用されている。,wikipedia,wikipedia
マツダ独自開発時代の4WD車の特筆すべき点は、このクラスの通常の四輪駆動車だと差動装置の存在によりキャブステップ高及びキャブ全高が上がってしまう事が多いが、タイタンの場合はキャブ内に差動装置を食い込ませる事により上がる事を最小限に抑えている。,wikipedia,wikipedia
沼隈半島の産業は農業が中心で、この地方で栽培される井草は「備後表」と呼ばれ江戸時代から特産品として知られている。,wikipedia,wikipedia
1958年、北イタリアヴェルチェッリのヴィオッティ国際音楽コンクール金賞を受賞。,wikipedia,wikipedia
つまり、トロイの木馬と、ウイルスにたいする欠陥は、完全には信頼できない開発元のソフトウェアを実行した場合と、そのような理由から標準レポジトリとしては外されたようなレポジトリからソフトウェアをインストールして実行することからくることになる。,wikipedia,wikipedia
「酸い」を「粋」に変えたのは、初代プロデューサー・板井昭浩（放送上の通称は「板さん」）のアイデアによる。,wikipedia,wikipedia
ウェリントンの勝利の結果、イギリス軍はポルトガルに撤退する前にマドリードを2か月間解放することができた。,wikipedia,wikipedia
楽譜・作曲家の意図に対し忠実ながらも、時に激しく劇的な表現を見せ、幅広い層のファンに支持された。,wikipedia,wikipedia
長門湯本温泉（ながとゆもとおんせん）は、山口県長門市（旧国長門国）にある温泉。,wikipedia,wikipedia
そのため、黒田孝高が策した水攻めにあって城は落城寸前に追い込まれる。,wikipedia,wikipedia
死んだ母さんに会えて、人生のいろんなことを忘れられるんだ。,wikipedia,wikipedia
サイパンを縦断するビーチ・ロードに接している。,wikipedia,wikipedia
戦前頃までは、鎌倉初期から極楽寺に住んで支配した由井氏に因んでか、「由井ヶ浜」とも表記したが、「ゆい」には「共同作業」という意味もあり、定説ではない。,wikipedia,wikipedia
これに、物語に厚みを出すため黒澤明の『野良犬』にも影響を与えたセミ・ドキュメンタリー形式の刑事物の古典映画である『裸の町』をモデルとして、リアルな犯罪捜査を描くことを加えて、当初の企画は立てられた。,wikipedia,wikipedia
上位ニューロン徴候のひとつである。,wikipedia,wikipedia
宇宙と同じように人類の未知の領域である海を題材に、『銀河鉄道999』の松本零士を原作・監督・総設定に迎え、テレビ朝日の「ゴールデンタイム・スペシャルアワー」第1弾として企画、製作された。,wikipedia,wikipedia
享年24。,wikipedia,wikipedia
新タ 悦男（にった えつお、 1974年4月16日 - ）は、TBSのアナウンサー。,wikipedia,wikipedia
体長約15.5cm。,wikipedia,wikipedia
現在は、講中の活動はさほどではないが、日中は日々、お寺、墓参の者の姿をよく見かける地域である。,wikipedia,wikipedia
本によると調査はカンヌ裁判所の裁判官であったジャン＝ポール・ルナールによって統括されており、さらにカンヌ裁判所による法令順守の監査がわずかしか行われていなかったと主張している。,wikipedia,wikipedia
ドイツにおいてベルーフスシューレはISCED-3Bレベルであり、15-16歳で義務教育を修了（実科学校や基幹学校）した者がパートタイムで入学する。,wikipedia,wikipedia
2005年の第44回衆議院議員総選挙で岩手3区に自民党から出馬したが、民主党の黄川田徹に敗れ落選。,wikipedia,wikipedia
エムデン（）は、ドイツ海軍のフリゲート。,wikipedia,wikipedia
メデアはその首都だった。,wikipedia,wikipedia
旧りそな・マルハビルにあたるA棟は2013年2月20日に着工、2015年11月17日に大手門タワー・JXビルが竣工。,wikipedia,wikipedia
日本において、「弱肉強食」という語は漢籍に基づく四字熟語であるとみなされており、国語教育において、学生などの語彙力を試す格好の題材となりうる。,wikipedia,wikipedia
Aサーバーのマジクロのプレイヤー。,wikipedia,wikipedia
ヌナブト準州レゾリュートに住み創作活動を行っていた。,wikipedia,wikipedia
『延喜式』神名帳では、小社2座2社を記載。,wikipedia,wikipedia
また、鶴岡信用金庫、米沢信用金庫、山形信用金庫と業務提携を結んでいる。,wikipedia,wikipedia
S-135ロケットという呼称が用いられる場合もある。,wikipedia,wikipedia
"英文名称は ""NHK Spring Co., Ltd."" 。",wikipedia,wikipedia
そして英雄らしさや軍人らしさなど「ドイツの価値観」にそぐわない芸術のすべて（印象派、表現主義、ダダイスム、合理主義など、ほぼすべての近代美術や近代の音楽・建築など）は、ドイツ文化・社会を堕落させるコミンテルンの陰謀の道具である「文化ボルシェヴィズム」として、右派勢力からの攻撃を受けた。,wikipedia,wikipedia
2016年11月28日、契約満了により退団することが発表された。,wikipedia,wikipedia
その後、劉攻芸は香港へ逃れ、1950年春にはシンガポールでシンガポール華僑銀行顧問、華僑保険公司董事経理などを歴任した。,wikipedia,wikipedia
1954年10月5日、ジョン・ローレンス・シーゲンソーラーは自殺を予告し飛び降りようとした男性の襟首をつかみ、落下を防いだが、このとき彼は「あなたを絶対に許さない」とつぶやかれた。,wikipedia,wikipedia
『オペレーションZ.E.R.O.』以降は外見が変化している。,wikipedia,wikipedia
対馬藩（宗氏）では戦国時代末期に臨済宗の禅僧・景轍玄蘇を招聘して李氏朝鮮との交渉に必要な文書の作成や解読などを行わせた。,wikipedia,wikipedia
1904年頃から開発が始まった。,wikipedia,wikipedia
没後は英語圏以外での知名度は高くない。,wikipedia,wikipedia
アドルフ2世は即位後、侯国の領内における大規模な建設事業を開始し、手始めにビュッケブルクにシャウムブルク＝リッペ侯爵家霊廟（）を建設した。,wikipedia,wikipedia
1840年（シューマンの「歌曲の年」）作曲。,wikipedia,wikipedia
ロシアのサンクトペテルブルクにあるロシア科学アカデミー動物学研究所動物学博物館()に銅像がある。,wikipedia,wikipedia
グルコン酸と種々のアミノ酸のエステル誘導体や、ジメチルグリシン自体がビタミンBと称して販売されている。,wikipedia,wikipedia
"ISOにおける国際標準化が進行中であった2007年8月、 Linux Foundation はブログでISOの各国代表組織に対して""コメント付きのノーを""と呼びかけた。",wikipedia,wikipedia
この例は非常に恣意的に単純化してある。,wikipedia,wikipedia
又、父方のはとこは従堂兄弟や従堂姉妹、母方のはとこは従表兄弟や従表姉妹とも書く。,wikipedia,wikipedia
日本国の臣民が陛下のご意思に反して、彼是するという事は有り得ぬ事であります。,wikipedia,wikipedia
駒澤大学卒業。,wikipedia,wikipedia
ルイス・アンヘル・アランゴ図書館はこの地域で最も重要な図書館のひとつであり、一年に600万人以上の人々が訪れる。,wikipedia,wikipedia
彼女を救出しなくては、ゲルドラの正体とその野望の存在は闇に葬られてしまう。,wikipedia,wikipedia
当時、日米貿易摩擦が外交問題となっていた。,wikipedia,wikipedia
PVではメンバーのコスプレが話題になった。,wikipedia,wikipedia
しかしながら、ラミリーズは第二次世界大戦において、船団護衛から艦砲射撃まで、多彩な任務でほぼ戦争の全期間活躍することとなった。,wikipedia,wikipedia
日本に導入されるユニットはセダン、SWともガソリン1.6L+6ATのみで、それぞれにベースグレードの「アリュール」とキセノンヘッドランプや本皮革シート等を採用した上級グレード「グリフ」が用意され、SW全車にパノラミックガラスルーフが標準装備となる。,wikipedia,wikipedia
所沢西郵便局（ところざわにしゆうびんきょく）は埼玉県所沢市にある郵便局。,wikipedia,wikipedia
一方、彼が行った四人組の逮捕と文化大革命の終結がなければ、後の改革開放は数年は遅れていたものと考えられている。,wikipedia,wikipedia
アメリカ合衆国国勢調査局は、カリフォルニア州に合同統計地域（CSA/広域都市圏）7ヶ所、大都市統計地域（MSA/都市圏）26ヶ所、および小都市統計地域（μSA/小都市圏）8ヶ所を定義している。,wikipedia,wikipedia
